date;gain;minOuverture;minFermeture;isSl;isTp
3/1/6;-30.00;0;189;1;0
4/1/6;-30.00;0;250;1;0
5/1/6;-30.00;0;235;1;0
6/1/6;-30.00;0;510;1;0
9/1/6;106.55;0;0;0;0
10/1/6;-30.00;0;189;1;0
11/1/6;-30.00;0;340;1;0
12/1/6;-30.00;0;250;1;0
13/1/6;-30.00;0;520;1;0
16/1/6;74.07;0;0;0;0
17/1/6;140.06;0;389;0;1
18/1/6;-30.00;0;181;1;0
19/1/6;-30.00;0;627;1;0
20/1/6;-30.00;0;253;1;0
23/1/6;-30.00;0;188;1;0
24/1/6;-9.77;0;0;0;0
25/1/6;-30.00;0;211;1;0
26/1/6;78.28;0;0;0;0
27/1/6;92.26;0;369;0;1
30/1/6;102.21;0;505;0;1
31/1/6;-30.00;0;431;1;0
1/2/6;-30.00;0;222;1;0
2/2/6;-30.00;0;613;1;0
3/2/6;111.77;0;515;0;1
6/2/6;77.51;0;0;0;0
7/2/6;-30.00;0;186;1;0
8/2/6;92.71;0;0;0;0
9/2/6;-30.00;0;395;1;0
10/2/6;-30.00;0;389;1;0
13/2/6;-30.00;0;638;1;0
14/2/6;107.71;0;518;0;1
15/2/6;-30.00;0;540;1;0
16/2/6;15.14;0;0;0;0
17/2/6;-30.00;0;588;1;0
20/2/6;15.06;0;0;0;0
21/2/6;2.52;0;0;0;0
22/2/6;74.42;0;325;0;1
23/2/6;-30.00;0;242;1;0
24/2/6;76.50;0;354;0;1
27/2/6;-2.53;0;0;0;0
28/2/6;-30.00;0;218;1;0
1/3/6;-30.00;0;309;1;0
2/3/6;-30.00;0;265;1;0
3/3/6;-30.00;0;513;1;0
6/3/6;99.25;0;352;0;1
7/3/6;120.26;0;415;0;1
8/3/6;-30.00;0;292;1;0
9/3/6;70.30;0;0;0;0
10/3/6;102.37;0;568;0;1
13/3/6;-30.00;0;676;1;0
14/3/6;-30.00;0;265;1;0
15/3/6;-30.00;0;550;1;0
16/3/6;-30.00;0;286;1;0
17/3/6;-30.00;0;289;1;0
20/3/6;68.93;0;0;0;0
21/3/6;-30.00;0;300;1;0
22/3/6;-30.00;0;528;1;0
23/3/6;106.59;0;612;0;1
24/3/6;-30.00;0;520;1;0
27/3/6;74.73;0;0;0;0
28/3/6;-30.00;0;180;1;0
29/3/6;-30.00;0;199;1;0
30/3/6;-30.00;0;264;1;0
31/3/6;117.04;0;304;0;1
3/4/6;-30.00;0;285;1;0
4/4/6;-30.00;0;193;1;0
5/4/6;-30.00;0;515;1;0
6/4/6;-30.00;0;204;1;0
7/4/6;-30.00;0;511;1;0
10/4/6;-30.00;0;228;1;0
11/4/6;-30.00;0;207;1;0
12/4/6;125.33;0;514;0;1
13/4/6;-30.00;0;192;1;0
14/4/6;9.91;0;0;0;0
17/4/6;-30.00;0;370;1;0
18/4/6;-30.00;0;308;1;0
19/4/6;-30.00;0;314;1;0
20/4/6;-30.00;0;197;1;0
21/4/6;-30.00;0;242;1;0
24/4/6;-30.00;0;211;1;0
25/4/6;-30.00;0;192;1;0
26/4/6;-30.00;0;500;1;0
27/4/6;-30.00;0;600;1;0
28/4/6;-30.00;0;231;1;0
1/5/6;-30.00;0;489;1;0
2/5/6;-30.00;0;193;1;0
3/5/6;45.03;0;0;0;0
4/5/6;-30.00;0;513;1;0
5/5/6;-30.00;0;227;1;0
8/5/6;-30.00;0;257;1;0
9/5/6;-30.00;0;284;1;0
10/5/6;-30.00;0;197;1;0
11/5/6;-30.00;0;185;1;0
12/5/6;-30.00;0;200;1;0
15/5/6;168.06;0;259;0;1
16/5/6;-30.00;0;195;1;0
17/5/6;-30.00;0;188;1;0
18/5/6;-30.00;0;208;1;0
19/5/6;179.28;0;539;0;1
22/5/6;-30.00;0;182;1;0
23/5/6;32.66;0;0;0;0
24/5/6;-30.00;0;184;1;0
25/5/6;-30.00;0;281;1;0
26/5/6;-30.00;0;196;1;0
29/5/6;-30.00;0;308;1;0
30/5/6;-30.00;0;182;1;0
31/5/6;121.88;0;616;0;1
1/6/6;-30.00;0;241;1;0
2/6/6;-30.00;0;381;1;0
5/6/6;-30.00;0;207;1;0
6/6/6;145.97;0;384;0;1
7/6/6;-30.00;0;187;1;0
8/6/6;164.04;0;512;0;1
9/6/6;-30.00;0;309;1;0
12/6/6;104.49;0;0;0;0
13/6/6;-30.00;0;202;1;0
14/6/6;-30.00;0;221;1;0
15/6/6;-30.00;0;540;1;0
16/6/6;-30.00;0;249;1;0
19/6/6;119.10;0;637;0;1
20/6/6;115.22;0;510;0;1
21/6/6;-30.00;0;313;1;0
22/6/6;101.74;0;375;0;1
23/6/6;117.51;0;467;0;1
26/6/6;-30.00;0;185;1;0
27/6/6;-30.00;0;241;1;0
28/6/6;113.42;0;635;0;1
29/6/6;26.31;0;0;0;0
30/6/6;-30.00;0;206;1;0
3/7/6;-30.00;0;398;1;0
4/7/6;49.15;0;0;0;0
5/7/6;-30.00;0;477;1;0
6/7/6;-30.00;0;513;1;0
7/7/6;-30.00;0;337;1;0
10/7/6;-30.00;0;195;1;0
11/7/6;-30.00;0;194;1;0
12/7/6;129.05;0;447;0;1
13/7/6;-30.00;0;194;1;0
14/7/6;-30.00;0;233;1;0
17/7/6;130.78;0;277;0;1
18/7/6;-30.00;0;195;1;0
19/7/6;-30.00;0;600;1;0
20/7/6;-30.00;0;386;1;0
21/7/6;-30.00;0;195;1;0
24/7/6;9.50;0;0;0;0
25/7/6;121.79;0;671;0;1
26/7/6;-30.00;0;306;1;0
27/7/6;-30.00;0;190;1;0
28/7/6;-30.00;0;510;1;0
31/7/6;-30.00;0;474;1;0
1/8/6;-30.00;0;271;1;0
2/8/6;53.81;0;0;0;0
3/8/6;-30.00;0;429;1;0
4/8/6;-30.00;0;508;1;0
7/8/6;-30.00;0;238;1;0
8/8/6;-30.00;0;183;1;0
9/8/6;-30.00;0;208;1;0
10/8/6;-30.00;0;183;1;0
11/8/6;-30.00;0;217;1;0
14/8/6;90.16;0;207;0;1
15/8/6;-30.00;0;205;1;0
16/8/6;-30.00;0;510;1;0
17/8/6;-30.00;0;200;1;0
18/8/6;114.20;0;510;0;1
21/8/6;-30.00;0;228;1;0
22/8/6;116.13;0;471;0;1
23/8/6;-30.00;0;204;1;0
24/8/6;-30.00;0;240;1;0
25/8/6;-30.00;0;222;1;0
28/8/6;-30.00;0;206;1;0
29/8/6;111.24;0;619;0;1
30/8/6;39.71;0;0;0;0
31/8/6;-30.00;0;202;1;0
1/9/6;-30.00;0;286;1;0
4/9/6;-30.00;0;379;1;0
5/9/6;58.42;0;0;0;0
6/9/6;-30.00;0;230;1;0
7/9/6;-30.00;0;192;1;0
8/9/6;113.57;0;517;0;1
11/9/6;-30.00;0;243;1;0
12/9/6;-30.00;0;223;1;0
13/9/6;-30.00;0;709;1;0
14/9/6;-30.00;0;348;1;0
15/9/6;114.37;0;502;0;1
18/9/6;-30.00;0;540;1;0
19/9/6;103.31;0;258;0;1
20/9/6;-30.00;0;602;1;0
21/9/6;-30.00;0;220;1;0
22/9/6;-30.00;0;186;1;0
25/9/6;85.69;0;301;0;1
26/9/6;-30.00;0;248;1;0
27/9/6;-30.00;0;291;1;0
28/9/6;87.97;0;627;0;1
29/9/6;92.49;0;519;0;1
2/10/6;-30.00;0;333;1;0
3/10/6;61.15;0;0;0;0
4/10/6;85.47;0;285;0;1
5/10/6;-30.00;0;486;1;0
6/10/6;-30.00;0;510;1;0
9/10/6;-30.00;0;269;1;0
10/10/6;93.54;0;274;0;1
11/10/6;-30.00;0;206;1;0
12/10/6;-30.00;0;185;1;0
13/10/6;69.63;0;512;0;1
16/10/6;-30.00;0;248;1;0
17/10/6;-30.00;0;560;1;0
18/10/6;73.14;0;540;0;1
19/10/6;-30.00;0;215;1;0
20/10/6;35.63;0;0;0;0
23/10/6;91.57;0;360;0;1
24/10/6;-30.00;0;285;1;0
25/10/6;-30.00;0;241;1;0
26/10/6;-30.00;0;182;1;0
27/10/6;-30.00;0;429;1;0
30/10/6;7.07;0;0;0;0
31/10/6;-30.00;0;507;1;0
1/11/6;-30.00;0;601;1;0
2/11/6;-30.00;0;338;1;0
3/11/6;70.09;0;511;0;1
6/11/6;-11.80;0;0;0;0
7/11/6;-30.00;0;271;1;0
8/11/6;-30.00;0;228;1;0
9/11/6;-30.00;0;484;1;0
10/11/6;-30.00;0;206;1;0
13/11/6;87.68;0;587;0;1
14/11/6;-30.00;0;231;1;0
15/11/6;109.86;0;516;0;1
16/11/6;-30.00;0;510;1;0
17/11/6;-30.00;0;193;1;0
20/11/6;-30.00;0;296;1;0
21/11/6;4.68;0;0;0;0
22/11/6;-30.00;0;430;1;0
23/11/6;-30.00;0;245;1;0
24/11/6;-30.00;0;205;1;0
27/11/6;85.53;0;238;0;1
28/11/6;-30.00;0;186;1;0
29/11/6;81.18;0;510;0;1
30/11/6;-30.00;0;263;1;0
1/12/6;84.40;0;290;0;1
4/12/6;-30.00;0;655;1;0
5/12/6;-30.00;0;242;1;0
6/12/6;99.77;0;280;0;1
7/12/6;58.55;0;0;0;0
8/12/6;-30.00;0;246;1;0
11/12/6;-30.00;0;193;1;0
12/12/6;-30.00;0;270;1;0
13/12/6;98.10;0;514;0;1
14/12/6;-30.00;0;186;1;0
15/12/6;120.61;0;270;0;1
18/12/6;-30.00;0;220;1;0
19/12/6;-30.00;0;189;1;0
20/12/6;-30.00;0;198;1;0
21/12/6;133.84;0;578;0;1
22/12/6;127.86;0;696;0;1
26/12/6;4.57;0;0;0;0
27/12/6;-30.00;0;474;1;0
28/12/6;-30.00;0;256;1;0
29/12/6;-30.00;0;426;1;0
2/1/7;-30.00;0;209;1;0
3/1/7;70.28;0;309;0;1
4/1/7;95.78;0;213;0;1
5/1/7;99.61;0;510;0;1
8/1/7;-30.00;0;213;1;0
9/1/7;107.60;0;598;0;1
10/1/7;116.72;0;614;0;1
11/1/7;-30.00;0;420;1;0
12/1/7;-30.00;0;546;1;0
15/1/7;30.12;0;0;0;0
16/1/7;-30.00;0;275;1;0
17/1/7;-30.00;0;215;1;0
18/1/7;102.34;0;450;0;1
19/1/7;98.27;0;545;0;1
22/1/7;99.57;0;468;0;1
23/1/7;-30.00;0;190;1;0
24/1/7;116.07;0;618;0;1
25/1/7;-30.00;0;187;1;0
26/1/7;117.87;0;510;0;1
29/1/7;-30.00;0;594;1;0
30/1/7;-30.00;0;470;1;0
31/1/7;-30.00;0;582;1;0
1/2/7;-30.00;0;600;1;0
2/2/7;-30.00;0;509;1;0
5/2/7;-30.00;0;211;1;0
6/2/7;-30.00;0;288;1;0
7/2/7;-30.00;0;322;1;0
8/2/7;-30.00;0;551;1;0
9/2/7;9.23;0;0;0;0
12/2/7;88.49;0;287;0;1
13/2/7;-30.00;0;401;1;0
14/2/7;-30.00;0;190;1;0
15/2/7;-30.00;0;540;1;0
16/2/7;9.13;0;0;0;0
19/2/7;15.96;0;0;0;0
20/2/7;59.26;0;0;0;0
21/2/7;65.86;0;393;0;1
22/2/7;-30.00;0;244;1;0
23/2/7;-30.00;0;545;1;0
26/2/7;45.52;0;0;0;0
27/2/7;-30.00;0;189;1;0
28/2/7;-30.00;0;510;1;0
1/3/7;86.76;0;615;0;1
2/3/7;-2.28;0;0;0;0
5/3/7;88.06;0;386;0;1
6/3/7;41.14;0;0;0;0
7/3/7;-30.00;0;456;1;0
8/3/7;90.60;0;553;0;1
9/3/7;-30.00;0;497;1;0
12/3/7;-30.00;0;290;1;0
13/3/7;-30.00;0;433;1;0
14/3/7;-30.00;0;273;1;0
15/3/7;-30.00;0;512;1;0
16/3/7;-30.00;0;274;1;0
19/3/7;-30.00;0;252;1;0
20/3/7;4.51;0;0;0;0
21/3/7;29.29;0;0;0;0
22/3/7;60.13;0;415;0;1
23/3/7;57.62;0;316;0;1
26/3/7;-30.00;0;571;1;0
27/3/7;-30.00;0;246;1;0
28/3/7;-30.00;0;193;1;0
29/3/7;-30.00;0;260;1;0
30/3/7;74.66;0;268;0;1
2/4/7;-30.00;0;470;1;0
3/4/7;11.22;0;0;0;0
4/4/7;-30.00;0;214;1;0
5/4/7;-30.00;0;440;1;0
6/4/7;84.06;0;511;0;1
9/4/7;-30.00;0;265;1;0
10/4/7;-30.00;0;527;1;0
11/4/7;-30.00;0;657;1;0
12/4/7;-30.00;0;617;1;0
13/4/7;-30.00;0;198;1;0
16/4/7;6.64;0;0;0;0
17/4/7;-30.00;0;510;1;0
18/4/7;-30.00;0;297;1;0
19/4/7;-30.00;0;183;1;0
20/4/7;75.45;0;535;0;1
23/4/7;68.61;0;467;0;1
24/4/7;-30.00;0;408;1;0
25/4/7;-30.00;0;612;1;0
26/4/7;68.39;0;334;0;1
27/4/7;-30.00;0;242;1;0
30/4/7;-30.00;0;510;1;0
1/5/7;-30.00;0;555;1;0
2/5/7;-30.00;0;546;1;0
3/5/7;-30.00;0;509;1;0
4/5/7;-30.00;0;510;1;0
7/5/7;-30.00;0;511;1;0
8/5/7;106.35;0;408;0;1
9/5/7;-30.00;0;555;1;0
10/5/7;97.43;0;531;0;1
11/5/7;-30.00;0;510;1;0
14/5/7;-30.00;0;239;1;0
15/5/7;-30.00;0;513;1;0
16/5/7;96.89;0;668;0;1
17/5/7;114.57;0;518;0;1
18/5/7;-30.00;0;259;1;0
21/5/7;115.64;0;396;0;1
22/5/7;22.27;0;0;0;0
23/5/7;-30.00;0;457;1;0
24/5/7;40.15;0;0;0;0
25/5/7;-30.00;0;501;1;0
28/5/7;8.92;0;0;0;0
29/5/7;-30.00;0;236;1;0
30/5/7;-30.00;0;281;1;0
31/5/7;-30.00;0;481;1;0
1/6/7;62.86;0;510;0;1
4/6/7;-30.00;0;309;1;0
5/6/7;-30.00;0;379;1;0
6/6/7;84.62;0;709;0;1
7/6/7;88.71;0;387;0;1
8/6/7;97.38;0;323;0;1
11/6/7;-30.00;0;260;1;0
12/6/7;92.21;0;628;0;1
13/6/7;86.59;0;303;0;1
14/6/7;-30.00;0;244;1;0
15/6/7;-30.00;0;510;1;0
18/6/7;-30.00;0;463;1;0
19/6/7;76.22;0;300;0;1
20/6/7;8.94;0;0;0;0
21/6/7;56.99;0;186;0;1
22/6/7;-30.00;0;330;1;0
25/6/7;-30.00;0;546;1;0
26/6/7;-30.00;0;417;1;0
27/6/7;-30.00;0;344;1;0
28/6/7;11.14;0;0;0;0
29/6/7;-30.00;0;326;1;0
2/7/7;-30.00;0;216;1;0
3/7/7;80.45;0;251;0;1
4/7/7;-2.20;0;0;0;0
5/7/7;-30.00;0;228;1;0
6/7/7;-30.00;0;546;1;0
9/7/7;-30.00;0;206;1;0
10/7/7;-30.00;0;202;1;0
11/7/7;-30.00;0;429;1;0
12/7/7;-30.00;0;213;1;0
13/7/7;-30.00;0;224;1;0
16/7/7;-30.00;0;306;1;0
17/7/7;79.41;0;333;0;1
18/7/7;71.84;0;284;0;1
19/7/7;-30.00;0;293;1;0
20/7/7;-30.00;0;618;1;0
23/7/7;26.03;0;0;0;0
24/7/7;-30.00;0;460;1;0
25/7/7;73.31;0;234;0;1
26/7/7;-30.00;0;249;1;0
27/7/7;75.65;0;216;0;1
30/7/7;-30.00;0;210;1;0
31/7/7;-30.00;0;501;1;0
1/8/7;-30.00;0;495;1;0
2/8/7;-30.00;0;690;1;0
3/8/7;-30.00;0;513;1;0
6/8/7;75.83;0;414;0;1
7/8/7;73.57;0;561;0;1
8/8/7;-30.00;0;228;1;0
9/8/7;101.06;0;390;0;1
10/8/7;-30.00;0;301;1;0
13/8/7;121.53;0;606;0;1
14/8/7;37.50;0;0;0;0
15/8/7;44.43;0;0;0;0
16/8/7;-30.00;0;209;1;0
17/8/7;-30.00;0;224;1;0
20/8/7;-30.00;0;243;1;0
21/8/7;-30.00;0;391;1;0
22/8/7;-30.00;0;449;1;0
23/8/7;-30.00;0;331;1;0
24/8/7;-30.00;0;226;1;0
27/8/7;57.05;0;0;0;0
28/8/7;-30.00;0;195;1;0
29/8/7;-30.00;0;209;1;0
30/8/7;114.24;0;356;0;1
31/8/7;-30.00;0;451;1;0
3/9/7;87.91;0;0;0;0
4/9/7;123.64;0;504;0;1
5/9/7;-30.00;0;274;1;0
6/9/7;-30.00;0;259;1;0
7/9/7;-30.00;0;288;1;0
10/9/7;-30.00;0;340;1;0
11/9/7;-30.00;0;287;1;0
12/9/7;-30.00;0;408;1;0
13/9/7;-30.00;0;222;1;0
14/9/7;79.94;0;0;0;0
17/9/7;38.90;0;0;0;0
18/9/7;-30.00;0;210;1;0
19/9/7;81.51;0;340;0;1
20/9/7;-30.00;0;199;1;0
21/9/7;73.99;0;278;0;1
24/9/7;75.39;0;668;0;1
25/9/7;-30.00;0;260;1;0
26/9/7;4.25;0;0;0;0
27/9/7;-30.00;0;445;1;0
28/9/7;-30.00;0;211;1;0
1/10/7;52.61;0;0;0;0
2/10/7;80.85;0;412;0;1
3/10/7;-30.00;0;460;1;0
4/10/7;-30.00;0;309;1;0
5/10/7;102.84;0;510;0;1
8/10/7;110.80;0;653;0;1
9/10/7;-30.00;0;590;1;0
10/10/7;-30.00;0;199;1;0
11/10/7;-30.00;0;241;1;0
12/10/7;-30.00;0;521;1;0
15/10/7;-30.00;0;222;1;0
16/10/7;114.10;0;212;0;1
17/10/7;-30.00;0;510;1;0
18/10/7;-30.00;0;399;1;0
19/10/7;107.53;0;642;0;1
22/10/7;112.34;0;354;0;1
23/10/7;-30.00;0;222;1;0
24/10/7;-30.00;0;512;1;0
25/10/7;-30.00;0;295;1;0
26/10/7;-30.00;0;494;1;0
29/10/7;-30.00;0;251;1;0
30/10/7;-30.00;0;248;1;0
31/10/7;-30.00;0;719;1;0
1/11/7;88.80;0;294;0;1
2/11/7;-30.00;0;314;1;0
5/11/7;85.05;0;350;0;1
6/11/7;-30.00;0;365;1;0
7/11/7;-30.00;0;233;1;0
8/11/7;-30.00;0;312;1;0
9/11/7;-30.00;0;274;1;0
12/11/7;99.83;0;242;0;1
13/11/7;55.38;0;0;0;0
14/11/7;-30.00;0;274;1;0
15/11/7;117.80;0;345;0;1
16/11/7;120.65;0;200;0;1
19/11/7;-30.00;0;496;1;0
20/11/7;-30.00;0;187;1;0
21/11/7;-30.00;0;524;1;0
22/11/7;-12.13;0;0;0;0
23/11/7;103.40;0;194;0;1
26/11/7;-30.00;0;305;1;0
27/11/7;-30.00;0;493;1;0
28/11/7;105.04;0;465;0;1
29/11/7;97.26;0;199;0;1
30/11/7;-30.00;0;235;1;0
3/12/7;117.21;0;241;0;1
4/12/7;-30.00;0;365;1;0
5/12/7;124.30;0;516;0;1
6/12/7;-30.00;0;526;1;0
7/12/7;-30.00;0;243;1;0
10/12/7;-30.00;0;297;1;0
11/12/7;36.68;0;0;0;0
12/12/7;-30.00;0;541;1;0
13/12/7;133.16;0;513;0;1
14/12/7;137.33;0;285;0;1
17/12/7;165.29;0;311;0;1
18/12/7;-30.00;0;491;1;0
19/12/7;-30.00;0;263;1;0
20/12/7;52.19;0;0;0;0
21/12/7;68.77;0;0;0;0
24/12/7;-30.00;0;377;1;0
26/12/7;-30.00;0;333;1;0
27/12/7;-30.00;0;510;1;0
28/12/7;-30.00;0;250;1;0
31/12/7;104.00;0;591;0;1
2/1/8;-30.00;0;211;1;0
3/1/8;-30.00;0;329;1;0
4/1/8;-30.00;0;250;1;0
7/1/8;-30.00;0;203;1;0
8/1/8;-30.00;0;600;1;0
9/1/8;146.26;0;643;0;1
10/1/8;-30.00;0;270;1;0
11/1/8;34.45;0;0;0;0
14/1/8;-30.00;0;262;1;0
15/1/8;-30.00;0;491;1;0
16/1/8;99.96;0;348;0;1
17/1/8;116.43;0;206;0;1
18/1/8;-30.00;0;202;1;0
21/1/8;141.12;0;371;0;1
22/1/8;-30.00;0;191;1;0
23/1/8;-30.00;0;224;1;0
24/1/8;-30.00;0;182;1;0
25/1/8;177.63;0;710;0;1
28/1/8;-30.00;0;218;1;0
29/1/8;-30.00;0;352;1;0
30/1/8;-30.00;0;247;1;0
31/1/8;-30.00;0;376;1;0
1/2/8;-30.00;0;418;1;0
4/2/8;10.11;0;0;0;0
5/2/8;98.31;0;240;0;1
6/2/8;-30.00;0;184;1;0
7/2/8;-30.00;0;253;1;0
8/2/8;-30.00;0;247;1;0
11/2/8;113.34;0;521;0;1
12/2/8;-30.00;0;459;1;0
13/2/8;-30.00;0;240;1;0
14/2/8;-30.00;0;189;1;0
15/2/8;-30.00;0;255;1;0
18/2/8;124.37;0;398;0;1
19/2/8;-30.00;0;355;1;0
20/2/8;-30.00;0;213;1;0
21/2/8;-30.00;0;218;1;0
22/2/8;-30.00;0;241;1;0
25/2/8;-30.00;0;505;1;0
26/2/8;-30.00;0;218;1;0
27/2/8;-30.00;0;183;1;0
28/2/8;-30.00;0;302;1;0
29/2/8;131.70;0;460;0;1
3/3/8;-30.00;0;543;1;0
4/3/8;-30.00;0;203;1;0
5/3/8;-30.00;0;483;1;0
6/3/8;-30.00;0;184;1;0
7/3/8;-30.00;0;240;1;0
10/3/8;83.84;0;0;0;0
11/3/8;-30.00;0;294;1;0
12/3/8;-30.00;0;348;1;0
13/3/8;-30.00;0;260;1;0
14/3/8;-30.00;0;576;1;0
17/3/8;-30.00;0;244;1;0
18/3/8;-30.00;0;276;1;0
19/3/8;-30.00;0;269;1;0
20/3/8;150.99;0;338;0;1
21/3/8;13.58;0;0;0;0
24/3/8;-30.00;0;353;1;0
25/3/8;-30.00;0;254;1;0
26/3/8;-30.00;0;300;1;0
27/3/8;-30.00;0;360;1;0
28/3/8;-30.00;0;358;1;0
31/3/8;-30.00;0;235;1;0
1/4/8;-30.00;0;183;1;0
2/4/8;-30.00;0;204;1;0
3/4/8;166.49;0;345;0;1
4/4/8;-30.00;0;202;1;0
7/4/8;-30.00;0;257;1;0
8/4/8;-30.00;0;209;1;0
9/4/8;-30.00;0;546;1;0
10/4/8;-30.00;0;198;1;0
11/4/8;-30.00;0;192;1;0
14/4/8;-30.00;0;234;1;0
15/4/8;-30.00;0;201;1;0
16/4/8;-30.00;0;219;1;0
17/4/8;-30.00;0;183;1;0
18/4/8;-30.00;0;230;1;0
21/4/8;-30.00;0;186;1;0
22/4/8;-30.00;0;185;1;0
23/4/8;-30.00;0;244;1;0
24/4/8;232.83;0;301;0;1
25/4/8;44.07;0;0;0;0
28/4/8;-30.00;0;335;1;0
29/4/8;1.92;0;0;0;0
30/4/8;55.78;0;0;0;0
1/5/8;147.76;0;218;0;1
2/5/8;-30.00;0;183;1;0
5/5/8;-30.00;0;267;1;0
6/5/8;-30.00;0;342;1;0
7/5/8;153.51;0;372;0;1
8/5/8;-30.00;0;453;1;0
9/5/8;-30.00;0;204;1;0
12/5/8;-30.00;0;211;1;0
13/5/8;38.64;0;0;0;0
14/5/8;-30.00;0;515;1;0
15/5/8;159.04;0;625;0;1
16/5/8;-30.00;0;229;1;0
19/5/8;-30.00;0;224;1;0
20/5/8;-30.00;0;184;1;0
21/5/8;-30.00;0;202;1;0
22/5/8;199.72;0;624;0;1
23/5/8;-30.00;0;255;1;0
26/5/8;-5.71;0;0;0;0
27/5/8;-30.00;0;284;1;0
28/5/8;-30.00;0;198;1;0
29/5/8;-30.00;0;213;1;0
30/5/8;-30.00;0;185;1;0
2/6/8;-30.00;0;284;1;0
3/6/8;-30.00;0;216;1;0
4/6/8;-30.00;0;265;1;0
5/6/8;141.85;0;513;0;1
6/6/8;-30.00;0;510;1;0
9/6/8;-30.00;0;201;1;0
10/6/8;211.85;0;685;0;1
11/6/8;-30.00;0;610;1;0
12/6/8;-30.00;0;247;1;0
13/6/8;190.86;0;400;0;1
16/6/8;-30.00;0;209;1;0
17/6/8;21.25;0;0;0;0
18/6/8;-30.00;0;188;1;0
19/6/8;118.27;0;271;0;1
20/6/8;-30.00;0;197;1;0
23/6/8;138.24;0;243;0;1
24/6/8;-30.00;0;189;1;0
25/6/8;-30.00;0;243;1;0
26/6/8;-30.00;0;219;1;0
27/6/8;-30.00;0;278;1;0
30/6/8;-30.00;0;198;1;0
1/7/8;-30.00;0;228;1;0
2/7/8;-30.00;0;521;1;0
3/7/8;-30.00;0;441;1;0
4/7/8;-30.00;0;226;1;0
7/7/8;-30.00;0;289;1;0
8/7/8;-30.00;0;210;1;0
9/7/8;-30.00;0;578;1;0
10/7/8;-30.00;0;614;1;0
11/7/8;-30.00;0;328;1;0
14/7/8;-30.00;0;229;1;0
15/7/8;-30.00;0;204;1;0
16/7/8;-30.00;0;195;1;0
17/7/8;-30.00;0;209;1;0
18/7/8;28.36;0;0;0;0
21/7/8;-30.00;0;235;1;0
22/7/8;-30.00;0;431;1;0
23/7/8;-30.00;0;220;1;0
24/7/8;-30.00;0;603;1;0
25/7/8;-30.00;0;196;1;0
28/7/8;-30.00;0;258;1;0
29/7/8;129.15;0;582;0;1
30/7/8;-30.00;0;208;1;0
31/7/8;-30.00;0;193;1;0
1/8/8;-30.00;0;486;1;0
4/8/8;-30.00;0;256;1;0
5/8/8;136.91;0;447;0;1
6/8/8;120.10;0;543;0;1
7/8/8;-30.00;0;511;1;0
8/8/8;-30.00;0;183;1;0
11/8/8;-30.00;0;210;1;0
12/8/8;-30.00;0;203;1;0
13/8/8;-30.00;0;186;1;0
14/8/8;-30.00;0;202;1;0
15/8/8;107.83;0;0;0;0
18/8/8;38.61;0;0;0;0
19/8/8;-30.00;0;230;1;0
20/8/8;-30.00;0;233;1;0
21/8/8;142.21;0;348;0;1
22/8/8;162.25;0;467;0;1
25/8/8;-30.00;0;335;1;0
26/8/8;-30.00;0;229;1;0
27/8/8;-30.00;0;204;1;0
28/8/8;-30.00;0;563;1;0
29/8/8;-30.00;0;186;1;0
1/9/8;-30.00;0;189;1;0
2/9/8;-30.00;0;189;1;0
3/9/8;-30.00;0;521;1;0
4/9/8;-30.00;0;189;1;0
5/9/8;187.20;0;367;0;1
8/9/8;-30.00;0;181;1;0
9/9/8;-30.00;0;300;1;0
10/9/8;-30.00;0;212;1;0
11/9/8;-30.00;0;511;1;0
12/9/8;-30.00;0;184;1;0
15/9/8;-30.00;0;200;1;0
16/9/8;-30.00;0;227;1;0
17/9/8;-30.00;0;191;1;0
18/9/8;-30.00;0;254;1;0
19/9/8;-30.00;0;182;1;0
22/9/8;-30.00;0;208;1;0
23/9/8;-30.00;0;346;1;0
24/9/8;-30.00;0;500;1;0
25/9/8;229.69;0;0;0;0
26/9/8;-30.00;0;482;1;0
29/9/8;-30.00;0;191;1;0
30/9/8;-30.00;0;182;1;0
1/10/8;-30.00;0;189;1;0
2/10/8;301.84;0;518;0;1
3/10/8;-30.00;0;242;1;0
6/10/8;-30.00;0;311;1;0
7/10/8;-30.00;0;202;1;0
8/10/8;-30.00;0;180;1;0
9/10/8;-30.00;0;208;1;0
10/10/8;-30.00;0;182;1;0
13/10/8;-30.00;0;542;1;0
14/10/8;-30.00;0;186;1;0
15/10/8;-30.00;0;368;1;0
16/10/8;-30.00;0;198;1;0
17/10/8;-30.00;0;674;1;0
20/10/8;267.01;0;443;0;1
21/10/8;-30.00;0;195;1;0
22/10/8;-30.00;0;208;1;0
23/10/8;-30.00;0;194;1;0
24/10/8;-30.00;0;191;1;0
27/10/8;-30.00;0;251;1;0
28/10/8;-30.00;0;248;1;0
29/10/8;-30.00;0;250;1;0
30/10/8;285.90;0;330;0;1
31/10/8;-30.00;0;266;1;0
3/11/8;-30.00;0;247;1;0
4/11/8;-30.00;0;202;1;0
5/11/8;-30.00;0;183;1;0
6/11/8;-30.00;0;191;1;0
7/11/8;-30.00;0;183;1;0
10/11/8;-30.00;0;207;1;0
11/11/8;-30.00;0;188;1;0
12/11/8;114.25;0;0;0;0
13/11/8;301.28;0;255;0;1
14/11/8;-30.00;0;201;1;0
17/11/8;-30.00;0;187;1;0
18/11/8;-30.00;0;517;1;0
19/11/8;-30.00;0;443;1;0
20/11/8;-30.00;0;184;1;0
21/11/8;-30.00;0;255;1;0
24/11/8;-30.00;0;266;1;0
25/11/8;-30.00;0;192;1;0
26/11/8;-30.00;0;186;1;0
27/11/8;-30.00;0;195;1;0
28/11/8;315.07;0;416;0;1
1/12/8;104.04;0;0;0;0
2/12/8;-30.00;0;299;1;0
3/12/8;70.88;0;0;0;0
4/12/8;245.05;0;242;0;1
5/12/8;-30.00;0;202;1;0
8/12/8;-30.00;0;180;1;0
9/12/8;-30.00;0;280;1;0
10/12/8;-30.00;0;581;1;0
11/12/8;-30.00;0;188;1;0
12/12/8;-30.00;0;232;1;0
15/12/8;-30.00;0;184;1;0
16/12/8;-30.00;0;469;1;0
17/12/8;-30.00;0;194;1;0
18/12/8;-30.00;0;186;1;0
19/12/8;436.47;0;245;0;1
22/12/8;-30.00;0;191;1;0
23/12/8;87.78;0;0;0;0
24/12/8;-30.00;0;202;1;0
26/12/8;-30.00;0;382;1;0
29/12/8;-30.00;0;283;1;0
30/12/8;141.28;0;227;0;1
31/12/8;158.31;0;400;0;1
2/1/9;-30.00;0;190;1;0
5/1/9;208.00;0;198;0;1
6/1/9;-30.00;0;182;1;0
7/1/9;-30.00;0;214;1;0
8/1/9;-30.00;0;286;1;0
9/1/9;-30.00;0;194;1;0
12/1/9;-30.00;0;187;1;0
13/1/9;-30.00;0;187;1;0
14/1/9;-30.00;0;205;1;0
15/1/9;-30.00;0;190;1;0
16/1/9;-30.00;0;286;1;0
19/1/9;-30.00;0;199;1;0
20/1/9;-30.00;0;180;1;0
21/1/9;-30.00;0;231;1;0
22/1/9;-30.00;0;187;1;0
23/1/9;-30.00;0;567;1;0
26/1/9;-30.00;0;185;1;0
27/1/9;-30.00;0;240;1;0
28/1/9;-30.00;0;182;1;0
29/1/9;-30.00;0;189;1;0
30/1/9;-30.00;0;201;1;0
2/2/9;-30.00;0;187;1;0
3/2/9;-30.00;0;451;1;0
4/2/9;-30.00;0;181;1;0
5/2/9;-30.00;0;261;1;0
6/2/9;-30.00;0;183;1;0
9/2/9;-30.00;0;214;1;0
10/2/9;-30.00;0;194;1;0
11/2/9;-30.00;0;197;1;0
12/2/9;292.10;0;331;0;1
13/2/9;120.59;0;0;0;0
16/2/9;-30.00;0;226;1;0
17/2/9;-30.00;0;300;1;0
18/2/9;-30.00;0;195;1;0
19/2/9;-30.00;0;182;1;0
20/2/9;-30.00;0;185;1;0
23/2/9;201.77;0;257;0;1
24/2/9;-30.00;0;183;1;0
25/2/9;-30.00;0;186;1;0
26/2/9;-30.00;0;184;1;0
27/2/9;-30.00;0;647;1;0
2/3/9;-30.00;0;248;1;0
3/3/9;-30.00;0;196;1;0
4/3/9;-30.00;0;195;1;0
5/3/9;193.04;0;518;0;1
6/3/9;-30.00;0;193;1;0
9/3/9;208.19;0;524;0;1
10/3/9;-30.00;0;242;1;0
11/3/9;-30.00;0;263;1;0
12/3/9;-30.00;0;294;1;0
13/3/9;-30.00;0;247;1;0
16/3/9;-30.00;0;245;1;0
17/3/9;-30.00;0;360;1;0
18/3/9;-30.00;0;335;1;0
19/3/9;-30.00;0;243;1;0
20/3/9;236.86;0;395;0;1
23/3/9;273.25;0;500;0;1
24/3/9;-30.00;0;332;1;0
25/3/9;-30.00;0;306;1;0
26/3/9;-30.00;0;440;1;0
27/3/9;291.34;0;370;0;1
30/3/9;233.49;0;0;0;0
31/3/9;-30.00;0;206;1;0
1/4/9;-30.00;0;187;1;0
2/4/9;-30.00;0;312;1;0
3/4/9;-30.00;0;194;1;0
6/4/9;-30.00;0;258;1;0
7/4/9;-30.00;0;186;1;0
8/4/9;-30.00;0;199;1;0
9/4/9;-30.00;0;320;1;0
10/4/9;-30.00;0;335;1;0
13/4/9;-30.00;0;188;1;0
14/4/9;60.89;0;0;0;0
15/4/9;-30.00;0;199;1;0
16/4/9;-30.00;0;209;1;0
17/4/9;-30.00;0;188;1;0
20/4/9;-30.00;0;213;1;0
21/4/9;-30.00;0;184;1;0
22/4/9;-30.00;0;247;1;0
23/4/9;-30.00;0;295;1;0
24/4/9;-30.00;0;187;1;0
27/4/9;-30.00;0;211;1;0
28/4/9;-30.00;0;192;1;0
29/4/9;-30.00;0;215;1;0
30/4/9;-30.00;0;218;1;0
1/5/9;-30.00;0;182;1;0
4/5/9;210.01;0;486;0;1
5/5/9;-30.00;0;194;1;0
6/5/9;-30.00;0;186;1;0
7/5/9;-30.00;0;294;1;0
8/5/9;-30.00;0;499;1;0
11/5/9;46.19;0;0;0;0
12/5/9;-30.00;0;195;1;0
13/5/9;-30.00;0;191;1;0
14/5/9;-30.00;0;218;1;0
15/5/9;186.15;0;479;0;1
18/5/9;-30.00;0;184;1;0
19/5/9;-30.00;0;206;1;0
20/5/9;-30.00;0;191;1;0
21/5/9;-30.00;0;250;1;0
22/5/9;-30.00;0;195;1;0
25/5/9;-30.00;0;204;1;0
26/5/9;152.50;0;316;0;1
27/5/9;-30.00;0;193;1;0
28/5/9;-30.00;0;213;1;0
29/5/9;-30.00;0;215;1;0
1/6/9;-30.00;0;192;1;0
2/6/9;-30.00;0;192;1;0
3/6/9;245.82;0;319;0;1
4/6/9;-30.00;0;212;1;0
5/6/9;-30.00;0;187;1;0
8/6/9;305.13;0;341;0;1
9/6/9;-30.00;0;191;1;0
10/6/9;-30.00;0;201;1;0
11/6/9;-30.00;0;295;1;0
12/6/9;317.91;0;507;0;1
15/6/9;243.97;0;0;0;0
16/6/9;-30.00;0;200;1;0
17/6/9;142.29;0;0;0;0
18/6/9;-30.00;0;185;1;0
19/6/9;-30.00;0;212;1;0
22/6/9;-30.00;0;194;1;0
23/6/9;-30.00;0;182;1;0
24/6/9;153.78;0;319;0;1
25/6/9;171.97;0;649;0;1
26/6/9;-30.00;0;190;1;0
29/6/9;-30.00;0;196;1;0
30/6/9;-30.00;0;465;1;0
1/7/9;-30.00;0;211;1;0
2/7/9;200.24;0;610;0;1
3/7/9;72.73;0;0;0;0
6/7/9;0.00;0;0;0;0
7/7/9;-30.00;0;286;1;0
8/7/9;-30.00;0;183;1;0
9/7/9;-30.00;0;232;1;0
10/7/9;125.41;0;339;0;1
13/7/9;-30.00;0;206;1;0
14/7/9;-30.00;0;194;1;0
15/7/9;-30.00;0;417;1;0
16/7/9;-30.00;0;202;1;0
17/7/9;-30.00;0;259;1;0
20/7/9;-30.00;0;197;1;0
21/7/9;-30.00;0;198;1;0
22/7/9;-30.00;0;455;1;0
23/7/9;-30.00;0;635;1;0
24/7/9;-30.00;0;238;1;0
27/7/9;-30.00;0;392;1;0
28/7/9;-30.00;0;186;1;0
29/7/9;-30.00;0;225;1;0
30/7/9;46.85;0;0;0;0
31/7/9;-30.00;0;420;1;0
3/8/9;-30.00;0;193;1;0
4/8/9;45.78;0;0;0;0
5/8/9;-30.00;0;231;1;0
6/8/9;-30.00;0;210;1;0
7/8/9;-30.00;0;510;1;0
10/8/9;138.73;0;667;0;1
11/8/9;-30.00;0;207;1;0
12/8/9;-30.00;0;309;1;0
13/8/9;-30.00;0;203;1;0
14/8/9;-30.00;0;309;1;0
17/8/9;166.35;0;388;0;1
18/8/9;-30.00;0;300;1;0
19/8/9;-30.00;0;421;1;0
20/8/9;-30.00;0;197;1;0
21/8/9;-30.00;0;208;1;0
24/8/9;-30.00;0;374;1;0
25/8/9;-30.00;0;224;1;0
26/8/9;-30.00;0;203;1;0
27/8/9;-30.00;0;373;1;0
28/8/9;-30.00;0;186;1;0
31/8/9;-30.00;0;198;1;0
1/9/9;141.74;0;418;0;1
2/9/9;-30.00;0;672;1;0
3/9/9;-30.00;0;439;1;0
4/9/9;138.79;0;532;0;1
7/9/9;-30.00;0;187;1;0
8/9/9;-30.00;0;225;1;0
9/9/9;-30.00;0;297;1;0
10/9/9;-30.00;0;521;1;0
11/9/9;-30.00;0;194;1;0
14/9/9;-30.00;0;219;1;0
15/9/9;-6.16;0;0;0;0
16/9/9;-30.00;0;201;1;0
17/9/9;102.60;0;511;0;1
18/9/9;95.41;0;254;0;1
21/9/9;105.43;0;524;0;1
22/9/9;-30.00;0;205;1;0
23/9/9;-30.00;0;206;1;0
24/9/9;-30.00;0;352;1;0
25/9/9;-30.00;0;363;1;0
28/9/9;-30.00;0;431;1;0
29/9/9;119.95;0;229;0;1
30/9/9;-30.00;0;287;1;0
1/10/9;-30.00;0;187;1;0
2/10/9;-30.00;0;237;1;0
5/10/9;-30.00;0;716;1;0
6/10/9;-30.00;0;204;1;0
7/10/9;-30.00;0;240;1;0
8/10/9;-30.00;0;194;1;0
9/10/9;-30.00;0;212;1;0
12/10/9;-30.00;0;257;1;0
13/10/9;-30.00;0;270;1;0
14/10/9;-30.00;0;190;1;0
15/10/9;112.23;0;443;0;1
16/10/9;-30.00;0;197;1;0
19/10/9;-30.00;0;213;1;0
20/10/9;112.71;0;618;0;1
21/10/9;-30.00;0;195;1;0
22/10/9;-30.00;0;464;1;0
23/10/9;-30.00;0;208;1;0
26/10/9;111.49;0;679;0;1
27/10/9;135.34;0;601;0;1
28/10/9;146.39;0;721;0;1
29/10/9;-30.00;0;294;1;0
30/10/9;-30.00;0;325;1;0
2/11/9;-30.00;0;185;1;0
3/11/9;199.24;0;302;0;1
4/11/9;-30.00;0;194;1;0
5/11/9;-30.00;0;260;1;0
6/11/9;-30.00;0;219;1;0
9/11/9;-30.00;0;304;1;0
10/11/9;-30.00;0;225;1;0
11/11/9;-30.00;0;183;1;0
12/11/9;-30.00;0;208;1;0
13/11/9;-30.00;0;201;1;0
16/11/9;20.02;0;0;0;0
17/11/9;117.80;0;332;0;1
18/11/9;-30.00;0;188;1;0
19/11/9;-30.00;0;716;1;0
20/11/9;104.58;0;411;0;1
23/11/9;-30.00;0;186;1;0
24/11/9;-30.00;0;240;1;0
25/11/9;-30.00;0;189;1;0
26/11/9;106.53;0;585;0;1
27/11/9;-30.00;0;220;1;0
30/11/9;136.66;0;661;0;1
1/12/9;-30.00;0;183;1;0
2/12/9;-30.00;0;209;1;0
3/12/9;-30.00;0;343;1;0
4/12/9;126.08;0;516;0;1
7/12/9;145.37;0;217;0;1
8/12/9;-30.00;0;195;1;0
9/12/9;-30.00;0;184;1;0
10/12/9;-30.00;0;189;1;0
11/12/9;-30.00;0;184;1;0
14/12/9;63.38;0;0;0;0
15/12/9;141.36;0;270;0;1
16/12/9;-30.00;0;196;1;0
17/12/9;118.21;0;339;0;1
18/12/9;-30.00;0;184;1;0
21/12/9;-30.00;0;346;1;0
22/12/9;-30.00;0;192;1;0
23/12/9;-30.00;0;471;1;0
24/12/9;-30.00;0;274;1;0
28/12/9;-30.00;0;262;1;0
29/12/9;-30.00;0;208;1;0
30/12/9;157.09;0;642;0;1
31/12/9;-30.00;0;252;1;0
4/1/10;-30.00;0;182;1;0
5/1/10;101.71;0;0;0;0
6/1/10;-30.00;0;187;1;0
7/1/10;160.18;0;483;0;1
8/1/10;-30.00;0;184;1;0
11/1/10;-30.00;0;186;1;0
12/1/10;-30.00;0;627;1;0
13/1/10;-30.00;0;251;1;0
14/1/10;152.68;0;671;0;1
15/1/10;85.35;0;0;0;0
18/1/10;-30.00;0;635;1;0
19/1/10;113.24;0;300;0;1
20/1/10;-30.00;0;254;1;0
21/1/10;-30.00;0;581;1;0
22/1/10;-30.00;0;288;1;0
25/1/10;-30.00;0;334;1;0
26/1/10;-30.00;0;188;1;0
27/1/10;-30.00;0;305;1;0
28/1/10;-30.00;0;187;1;0
29/1/10;-30.00;0;238;1;0
1/2/10;-30.00;0;194;1;0
2/2/10;-30.00;0;320;1;0
3/2/10;-30.00;0;218;1;0
4/2/10;135.22;0;611;0;1
5/2/10;-30.00;0;251;1;0
8/2/10;-30.00;0;184;1;0
9/2/10;-30.00;0;264;1;0
10/2/10;-30.00;0;287;1;0
11/2/10;177.58;0;522;0;1
12/2/10;-30.00;0;193;1;0
15/2/10;-30.00;0;328;1;0
16/2/10;-30.00;0;184;1;0
17/2/10;201.37;0;636;0;1
18/2/10;-30.00;0;189;1;0
19/2/10;-30.00;0;230;1;0
22/2/10;96.82;0;0;0;0
23/2/10;-30.00;0;195;1;0
24/2/10;-30.00;0;203;1;0
25/2/10;-30.00;0;191;1;0
26/2/10;-30.00;0;219;1;0
1/3/10;-30.00;0;242;1;0
2/3/10;178.99;0;259;0;1
3/3/10;-30.00;0;244;1;0
4/3/10;-30.00;0;186;1;0
5/3/10;-30.00;0;250;1;0
8/3/10;171.00;0;0;0;0
9/3/10;83.71;0;0;0;0
10/3/10;-30.00;0;215;1;0
11/3/10;-30.00;0;220;1;0
12/3/10;-30.00;0;189;1;0
15/3/10;-30.00;0;286;1;0
16/3/10;-30.00;0;266;1;0
17/3/10;76.11;0;0;0;0
18/3/10;-30.00;0;246;1;0
19/3/10;186.68;0;595;0;1
22/3/10;-30.00;0;285;1;0
23/3/10;-30.00;0;275;1;0
24/3/10;-30.00;0;258;1;0
25/3/10;-30.00;0;250;1;0
26/3/10;-30.00;0;246;1;0
29/3/10;-30.00;0;182;1;0
30/3/10;126.70;0;338;0;1
31/3/10;-30.00;0;220;1;0
1/4/10;-30.00;0;195;1;0
2/4/10;159.80;0;560;0;1
5/4/10;-30.00;0;225;1;0
6/4/10;127.29;0;0;0;0
7/4/10;-30.00;0;182;1;0
8/4/10;-30.00;0;588;1;0
9/4/10;-30.00;0;227;1;0
12/4/10;99.02;0;0;0;0
13/4/10;-30.00;0;542;1;0
14/4/10;-30.00;0;257;1;0
15/4/10;144.95;0;282;0;1
16/4/10;-30.00;0;241;1;0
19/4/10;-30.00;0;201;1;0
20/4/10;-30.00;0;232;1;0
21/4/10;146.25;0;451;0;1
22/4/10;157.47;0;367;0;1
23/4/10;-30.00;0;200;1;0
26/4/10;190.85;0;332;0;1
27/4/10;-30.00;0;183;1;0
28/4/10;-30.00;0;183;1;0
29/4/10;-30.00;0;271;1;0
30/4/10;-30.00;0;192;1;0
3/5/10;-30.00;0;240;1;0
4/5/10;183.42;0;468;0;1
5/5/10;193.16;0;497;0;1
6/5/10;177.53;0;294;0;1
7/5/10;-30.00;0;193;1;0
10/5/10;-30.00;0;220;1;0
11/5/10;-30.00;0;291;1;0
12/5/10;-30.00;0;182;1;0
13/5/10;-30.00;0;181;1;0
14/5/10;261.09;0;338;0;1
17/5/10;-30.00;0;224;1;0
18/5/10;-30.00;0;197;1;0
19/5/10;-30.00;0;185;1;0
20/5/10;-30.00;0;180;1;0
21/5/10;-30.00;0;188;1;0
24/5/10;-30.00;0;181;1;0
25/5/10;-30.00;0;211;1;0
26/5/10;-30.00;0;241;1;0
27/5/10;-30.00;0;184;1;0
28/5/10;-30.00;0;241;1;0
31/5/10;-30.00;0;190;1;0
1/6/10;236.94;0;288;0;1
2/6/10;-30.00;0;199;1;0
3/6/10;-30.00;0;184;1;0
4/6/10;-30.00;0;246;1;0
7/6/10;-30.00;0;181;1;0
8/6/10;-30.00;0;680;1;0
9/6/10;-30.00;0;199;1;0
10/6/10;-30.00;0;183;1;0
11/6/10;-30.00;0;186;1;0
14/6/10;-30.00;0;183;1;0
15/6/10;-30.00;0;184;1;0
16/6/10;38.89;0;0;0;0
17/6/10;-30.00;0;214;1;0
18/6/10;-30.00;0;210;1;0
21/6/10;226.62;0;505;0;1
22/6/10;-30.00;0;185;1;0
23/6/10;-30.00;0;191;1;0
24/6/10;-30.00;0;625;1;0
25/6/10;169.16;0;303;0;1
28/6/10;-30.00;0;190;1;0
29/6/10;176.28;0;589;0;1
30/6/10;-30.00;0;317;1;0
1/7/10;-30.00;0;213;1;0
2/7/10;-30.00;0;188;1;0
5/7/10;-30.00;0;195;1;0
6/7/10;-30.00;0;198;1;0
7/7/10;-30.00;0;411;1;0
8/7/10;-30.00;0;252;1;0
9/7/10;154.05;0;480;0;1
12/7/10;50.04;0;0;0;0
13/7/10;-30.00;0;324;1;0
14/7/10;-30.00;0;208;1;0
15/7/10;-30.00;0;254;1;0
16/7/10;-30.00;0;183;1;0
19/7/10;-30.00;0;182;1;0
20/7/10;177.00;0;371;0;1
21/7/10;-30.00;0;187;1;0
22/7/10;-30.00;0;194;1;0
23/7/10;-30.00;0;240;1;0
26/7/10;-30.00;0;674;1;0
27/7/10;-30.00;0;427;1;0
28/7/10;-30.00;0;183;1;0
29/7/10;-30.00;0;250;1;0
30/7/10;162.59;0;330;0;1
2/8/10;-30.00;0;240;1;0
3/8/10;-30.00;0;213;1;0
4/8/10;162.08;0;634;0;1
5/8/10;-30.00;0;197;1;0
6/8/10;-30.00;0;511;1;0
9/8/10;119.63;0;0;0;0
10/8/10;-30.00;0;184;1;0
11/8/10;-30.00;0;218;1;0
12/8/10;-30.00;0;182;1;0
13/8/10;-30.00;0;184;1;0
16/8/10;-30.00;0;188;1;0
17/8/10;-30.00;0;195;1;0
18/8/10;-30.00;0;231;1;0
19/8/10;-30.00;0;189;1;0
20/8/10;-30.00;0;184;1;0
23/8/10;117.99;0;0;0;0
24/8/10;-30.00;0;604;1;0
25/8/10;-30.00;0;231;1;0
26/8/10;-30.00;0;183;1;0
27/8/10;-30.00;0;215;1;0
30/8/10;-30.00;0;241;1;0
31/8/10;-30.00;0;199;1;0
1/9/10;-30.00;0;240;1;0
2/9/10;-30.00;0;265;1;0
3/9/10;-30.00;0;231;1;0
6/9/10;51.12;0;0;0;0
7/9/10;141.32;0;360;0;1
8/9/10;139.66;0;256;0;1
9/9/10;-30.00;0;255;1;0
10/9/10;-30.00;0;188;1;0
13/9/10;-30.00;0;202;1;0
14/9/10;-30.00;0;184;1;0
15/9/10;-30.00;0;207;1;0
16/9/10;-30.00;0;202;1;0
17/9/10;-30.00;0;227;1;0
20/9/10;-30.00;0;217;1;0
21/9/10;-30.00;0;227;1;0
22/9/10;-30.00;0;305;1;0
23/9/10;208.16;0;391;0;1
24/9/10;-30.00;0;190;1;0
27/9/10;-30.00;0;500;1;0
28/9/10;-30.00;0;268;1;0
29/9/10;-30.00;0;190;1;0
30/9/10;-30.00;0;195;1;0
1/10/10;-30.00;0;185;1;0
4/10/10;162.96;0;284;0;1
5/10/10;-30.00;0;192;1;0
6/10/10;-30.00;0;184;1;0
7/10/10;-30.00;0;219;1;0
8/10/10;-30.00;0;220;1;0
11/10/10;-30.00;0;181;1;0
12/10/10;-30.00;0;185;1;0
13/10/10;-30.00;0;184;1;0
14/10/10;-30.00;0;226;1;0
15/10/10;-30.00;0;255;1;0
18/10/10;-30.00;0;189;1;0
19/10/10;-30.00;0;213;1;0
20/10/10;-30.00;0;195;1;0
21/10/10;-30.00;0;208;1;0
22/10/10;-30.00;0;185;1;0
25/10/10;223.50;0;664;0;1
26/10/10;-30.00;0;195;1;0
27/10/10;-30.00;0;234;1;0
28/10/10;-30.00;0;396;1;0
29/10/10;-30.00;0;523;1;0
1/11/10;-30.00;0;304;1;0
2/11/10;-30.00;0;245;1;0
3/11/10;-30.00;0;247;1;0
4/11/10;-30.00;0;243;1;0
5/11/10;-30.00;0;243;1;0
8/11/10;96.65;0;0;0;0
9/11/10;-30.00;0;242;1;0
10/11/10;-30.00;0;204;1;0
11/11/10;216.16;0;582;0;1
12/11/10;-30.00;0;187;1;0
15/11/10;98.80;0;0;0;0
16/11/10;-30.00;0;192;1;0
17/11/10;-30.00;0;209;1;0
18/11/10;-30.00;0;229;1;0
19/11/10;-30.00;0;229;1;0
22/11/10;-30.00;0;218;1;0
23/11/10;-30.00;0;250;1;0
24/11/10;241.37;0;249;0;1
25/11/10;-30.00;0;210;1;0
26/11/10;-30.00;0;196;1;0
29/11/10;232.36;0;330;0;1
30/11/10;-30.00;0;187;1;0
1/12/10;-30.00;0;193;1;0
2/12/10;-30.00;0;282;1;0
3/12/10;-30.00;0;211;1;0
6/12/10;266.59;0;517;0;1
7/12/10;-30.00;0;182;1;0
8/12/10;-30.00;0;186;1;0
9/12/10;190.89;0;289;0;1
10/12/10;187.44;0;612;0;1
13/12/10;-30.00;0;239;1;0
14/12/10;-30.00;0;198;1;0
15/12/10;-30.00;0;181;1;0
16/12/10;-30.00;0;222;1;0
17/12/10;-30.00;0;251;1;0
20/12/10;-30.00;0;186;1;0
21/12/10;125.17;0;0;0;0
22/12/10;-30.00;0;183;1;0
23/12/10;173.01;0;493;0;1
24/12/10;43.40;0;0;0;0
27/12/10;22.81;0;0;0;0
28/12/10;-30.00;0;218;1;0
29/12/10;-30.00;0;694;1;0
30/12/10;-30.00;0;183;1;0
31/12/10;-30.00;0;377;1;0
3/1/11;-30.00;0;223;1;0
4/1/11;-30.00;0;204;1;0
5/1/11;164.38;0;495;0;1
6/1/11;-30.00;0;187;1;0
7/1/11;-30.00;0;188;1;0
10/1/11;-30.00;0;182;1;0
11/1/11;-30.00;0;198;1;0
12/1/11;-30.00;0;204;1;0
13/1/11;-30.00;0;233;1;0
14/1/11;-30.00;0;189;1;0
17/1/11;-30.00;0;413;1;0
18/1/11;-30.00;0;198;1;0
19/1/11;-30.00;0;471;1;0
20/1/11;-30.00;0;184;1;0
21/1/11;-30.00;0;181;1;0
24/1/11;-30.00;0;526;1;0
25/1/11;-30.00;0;184;1;0
26/1/11;-30.00;0;188;1;0
27/1/11;-30.00;0;273;1;0
28/1/11;-30.00;0;273;1;0
31/1/11;-30.00;0;260;1;0
1/2/11;-30.00;0;293;1;0
2/2/11;-30.00;0;197;1;0
3/2/11;207.17;0;514;0;1
4/2/11;-30.00;0;209;1;0
7/2/11;-30.00;0;190;1;0
8/2/11;-30.00;0;203;1;0
9/2/11;-30.00;0;200;1;0
10/2/11;219.51;0;602;0;1
11/2/11;110.57;0;0;0;0
14/2/11;171.77;0;234;0;1
15/2/11;-30.00;0;195;1;0
16/2/11;-30.00;0;192;1;0
17/2/11;-30.00;0;182;1;0
18/2/11;-30.00;0;472;1;0
21/2/11;-30.00;0;220;1;0
22/2/11;-30.00;0;233;1;0
23/2/11;-30.00;0;382;1;0
24/2/11;-30.00;0;186;1;0
25/2/11;-30.00;0;199;1;0
28/2/11;-30.00;0;190;1;0
1/3/11;-30.00;0;189;1;0
2/3/11;-30.00;0;256;1;0
3/3/11;-30.00;0;392;1;0
4/3/11;-30.00;0;320;1;0
7/3/11;-30.00;0;239;1;0
8/3/11;134.17;0;533;0;1
9/3/11;-30.00;0;383;1;0
10/3/11;-30.00;0;240;1;0
11/3/11;-30.00;0;186;1;0
14/3/11;-30.00;0;327;1;0
15/3/11;-30.00;0;268;1;0
16/3/11;-30.00;0;246;1;0
17/3/11;-30.00;0;265;1;0
18/3/11;-30.00;0;240;1;0
21/3/11;-30.00;0;519;1;0
22/3/11;54.80;0;0;0;0
23/3/11;-30.00;0;248;1;0
24/3/11;-30.00;0;289;1;0
25/3/11;181.84;0;746;0;1
28/3/11;-30.00;0;218;1;0
29/3/11;-30.00;0;194;1;0
30/3/11;-30.00;0;197;1;0
31/3/11;-30.00;0;198;1;0
1/4/11;-30.00;0;188;1;0
4/4/11;-30.00;0;212;1;0
5/4/11;-30.00;0;200;1;0
6/4/11;-30.00;0;214;1;0
7/4/11;-30.00;0;486;1;0
8/4/11;-30.00;0;206;1;0
11/4/11;0.00;0;0;0;0
12/4/11;-30.00;0;189;1;0
13/4/11;62.04;0;0;0;0
14/4/11;100.17;0;340;0;1
15/4/11;-30.00;0;195;1;0
18/4/11;129.15;0;212;0;1
19/4/11;-30.00;0;215;1;0
20/4/11;-30.00;0;222;1;0
21/4/11;-30.00;0;211;1;0
22/4/11;78.18;0;0;0;0
25/4/11;-30.00;0;267;1;0
26/4/11;-30.00;0;210;1;0
27/4/11;-30.00;0;267;1;0
28/4/11;-30.00;0;199;1;0
29/4/11;-30.00;0;293;1;0
2/5/11;-30.00;0;277;1;0
3/5/11;120.45;0;253;0;1
4/5/11;-30.00;0;190;1;0
5/5/11;-30.00;0;208;1;0
6/5/11;-30.00;0;221;1;0
9/5/11;-30.00;0;190;1;0
10/5/11;-30.00;0;205;1;0
11/5/11;-30.00;0;278;1;0
12/5/11;-30.00;0;192;1;0
13/5/11;-30.00;0;196;1;0
16/5/11;-30.00;0;201;1;0
17/5/11;-30.00;0;280;1;0
18/5/11;-30.00;0;185;1;0
19/5/11;-30.00;0;395;1;0
20/5/11;-30.00;0;229;1;0
23/5/11;-30.00;0;214;1;0
24/5/11;-30.00;0;241;1;0
25/5/11;-30.00;0;189;1;0
26/5/11;-30.00;0;182;1;0
27/5/11;-30.00;0;181;1;0
30/5/11;-30.00;0;245;1;0
31/5/11;-30.00;0;197;1;0
1/6/11;-30.00;0;199;1;0
2/6/11;-30.00;0;230;1;0
3/6/11;-30.00;0;315;1;0
6/6/11;115.24;0;479;0;1
7/6/11;-30.00;0;229;1;0
8/6/11;-30.00;0;208;1;0
9/6/11;-30.00;0;186;1;0
10/6/11;152.18;0;586;0;1
13/6/11;-30.00;0;230;1;0
14/6/11;-30.00;0;182;1;0
15/6/11;170.56;0;417;0;1
16/6/11;-30.00;0;249;1;0
17/6/11;-30.00;0;306;1;0
20/6/11;-30.00;0;216;1;0
21/6/11;-30.00;0;469;1;0
22/6/11;-30.00;0;631;1;0
23/6/11;190.61;0;497;0;1
24/6/11;-30.00;0;272;1;0
27/6/11;-30.00;0;182;1;0
28/6/11;-30.00;0;196;1;0
29/6/11;-30.00;0;210;1;0
30/6/11;-30.00;0;192;1;0
1/7/11;70.17;0;0;0;0
4/7/11;53.62;0;0;0;0
5/7/11;-30.00;0;252;1;0
6/7/11;112.38;0;229;0;1
7/7/11;115.15;0;216;0;1
8/7/11;123.29;0;308;0;1
11/7/11;132.45;0;423;0;1
12/7/11;167.78;0;227;0;1
13/7/11;-30.00;0;191;1;0
14/7/11;-30.00;0;196;1;0
15/7/11;-30.00;0;327;1;0
18/7/11;-30.00;0;186;1;0
19/7/11;-30.00;0;193;1;0
20/7/11;-30.00;0;335;1;0
21/7/11;-30.00;0;182;1;0
22/7/11;-30.00;0;189;1;0
25/7/11;-30.00;0;247;1;0
26/7/11;35.14;0;0;0;0
27/7/11;146.02;0;606;0;1
28/7/11;-30.00;0;234;1;0
29/7/11;-30.00;0;217;1;0
1/8/11;-30.00;0;332;1;0
2/8/11;-30.00;0;185;1;0
3/8/11;-30.00;0;180;1;0
4/8/11;250.54;0;349;0;1
5/8/11;-30.00;0;185;1;0
8/8/11;-30.00;0;183;1;0
9/8/11;-30.00;0;335;1;0
10/8/11;-30.00;0;197;1;0
11/8/11;-30.00;0;183;1;0
12/8/11;-30.00;0;286;1;0
15/8/11;-30.00;0;185;1;0
16/8/11;-30.00;0;227;1;0
17/8/11;-30.00;0;232;1;0
18/8/11;-30.00;0;199;1;0
19/8/11;-30.00;0;319;1;0
22/8/11;-30.00;0;187;1;0
23/8/11;-30.00;0;208;1;0
24/8/11;-30.00;0;260;1;0
25/8/11;-30.00;0;182;1;0
26/8/11;-30.00;0;183;1;0
29/8/11;66.02;0;0;0;0
30/8/11;188.80;0;315;0;1
31/8/11;-30.00;0;188;1;0
1/9/11;160.53;0;308;0;1
2/9/11;-30.00;0;348;1;0
5/9/11;-30.00;0;235;1;0
6/9/11;-30.00;0;197;1;0
7/9/11;-30.00;0;243;1;0
8/9/11;169.17;0;516;0;1
9/9/11;-30.00;0;185;1;0
12/9/11;-30.00;0;208;1;0
13/9/11;-30.00;0;400;1;0
14/9/11;-30.00;0;207;1;0
15/9/11;-30.00;0;183;1;0
16/9/11;125.75;0;0;0;0
19/9/11;-30.00;0;196;1;0
20/9/11;-30.00;0;183;1;0
21/9/11;-30.00;0;662;1;0
22/9/11;175.21;0;312;0;1
23/9/11;-30.00;0;259;1;0
26/9/11;-30.00;0;182;1;0
27/9/11;-30.00;0;186;1;0
28/9/11;-30.00;0;189;1;0
29/9/11;-30.00;0;182;1;0
30/9/11;-30.00;0;217;1;0
3/10/11;-30.00;0;209;1;0
4/10/11;-30.00;0;610;1;0
5/10/11;-30.00;0;381;1;0
6/10/11;-30.00;0;254;1;0
7/10/11;-30.00;0;198;1;0
10/10/11;-30.00;0;187;1;0
11/10/11;-30.00;0;197;1;0
12/10/11;-30.00;0;237;1;0
13/10/11;-30.00;0;184;1;0
14/10/11;-30.00;0;267;1;0
17/10/11;-30.00;0;209;1;0
18/10/11;56.75;0;0;0;0
19/10/11;-30.00;0;209;1;0
20/10/11;-30.00;0;249;1;0
21/10/11;-30.00;0;319;1;0
24/10/11;-30.00;0;685;1;0
25/10/11;-30.00;0;182;1;0
26/10/11;-30.00;0;196;1;0
27/10/11;-30.00;0;181;1;0
28/10/11;-30.00;0;259;1;0
31/10/11;201.97;0;677;0;1
1/11/11;-30.00;0;243;1;0
2/11/11;-30.00;0;246;1;0
3/11/11;-30.00;0;245;1;0
4/11/11;-30.00;0;257;1;0
7/11/11;-30.00;0;186;1;0
8/11/11;-30.00;0;186;1;0
9/11/11;-30.00;0;229;1;0
10/11/11;206.87;0;277;0;1
11/11/11;-30.00;0;195;1;0
14/11/11;-30.00;0;194;1;0
15/11/11;-30.00;0;191;1;0
16/11/11;-30.00;0;192;1;0
17/11/11;-30.00;0;188;1;0
18/11/11;-30.00;0;263;1;0
21/11/11;-30.00;0;671;1;0
22/11/11;-30.00;0;186;1;0
23/11/11;-30.00;0;219;1;0
24/11/11;-30.00;0;240;1;0
25/11/11;202.16;0;514;0;1
28/11/11;-30.00;0;196;1;0
29/11/11;-30.00;0;300;1;0
30/11/11;-30.00;0;192;1;0
1/12/11;-30.00;0;194;1;0
2/12/11;-30.00;0;398;1;0
5/12/11;-30.00;0;566;1;0
6/12/11;-30.00;0;201;1;0
7/12/11;-30.00;0;212;1;0
8/12/11;-30.00;0;184;1;0
9/12/11;-30.00;0;189;1;0
12/12/11;-30.00;0;243;1;0
13/12/11;-30.00;0;195;1;0
14/12/11;-30.00;0;210;1;0
15/12/11;-30.00;0;212;1;0
16/12/11;-30.00;0;240;1;0
19/12/11;-30.00;0;186;1;0
20/12/11;-30.00;0;215;1;0
21/12/11;-30.00;0;189;1;0
22/12/11;-30.00;0;183;1;0
23/12/11;100.21;0;0;0;0
26/12/11;-3.67;0;0;0;0
27/12/11;-7.57;0;0;0;0
28/12/11;-30.00;0;242;1;0
29/12/11;112.71;0;383;0;1
30/12/11;-30.00;0;388;1;0
2/1/12;-30.00;0;190;1;0
3/1/12;-30.00;0;275;1;0
4/1/12;-30.00;0;182;1;0
5/1/12;154.09;0;234;0;1
6/1/12;-30.00;0;199;1;0
9/1/12;-30.00;0;182;1;0
10/1/12;-30.00;0;261;1;0
11/1/12;-30.00;0;193;1;0
12/1/12;-30.00;0;208;1;0
13/1/12;202.40;0;421;0;1
16/1/12;-30.00;0;192;1;0
17/1/12;-30.00;0;283;1;0
18/1/12;-30.00;0;280;1;0
19/1/12;-30.00;0;206;1;0
20/1/12;163.22;0;287;0;1
23/1/12;-30.00;0;186;1;0
24/1/12;-30.00;0;250;1;0
25/1/12;-30.00;0;191;1;0
26/1/12;-30.00;0;201;1;0
27/1/12;-30.00;0;198;1;0
30/1/12;78.90;0;0;0;0
31/1/12;-30.00;0;183;1;0
1/2/12;-30.00;0;185;1;0
2/2/12;204.04;0;430;0;1
3/2/12;-30.00;0;226;1;0
6/2/12;-30.00;0;666;1;0
7/2/12;-30.00;0;302;1;0
8/2/12;-30.00;0;185;1;0
9/2/12;-30.00;0;211;1;0
10/2/12;-30.00;0;211;1;0
13/2/12;-30.00;0;193;1;0
14/2/12;-30.00;0;215;1;0
15/2/12;-30.00;0;262;1;0
16/2/12;-30.00;0;591;1;0
17/2/12;-30.00;0;277;1;0
20/2/12;-30.00;0;248;1;0
21/2/12;-30.00;0;228;1;0
22/2/12;21.95;0;0;0;0
23/2/12;-30.00;0;190;1;0
24/2/12;-30.00;0;222;1;0
27/2/12;141.33;0;353;0;1
28/2/12;-30.00;0;203;1;0
29/2/12;-30.00;0;325;1;0
1/3/12;-30.00;0;213;1;0
2/3/12;-30.00;0;187;1;0
5/3/12;-30.00;0;190;1;0
6/3/12;151.61;0;527;0;1
7/3/12;-30.00;0;185;1;0
8/3/12;-30.00;0;253;1;0
9/3/12;-30.00;0;217;1;0
12/3/12;-30.00;0;317;1;0
13/3/12;174.19;0;502;0;1
14/3/12;-30.00;0;299;1;0
15/3/12;-30.00;0;341;1;0
16/3/12;-30.00;0;511;1;0
19/3/12;-30.00;0;640;1;0
20/3/12;-30.00;0;607;1;0
21/3/12;-30.00;0;254;1;0
22/3/12;181.45;0;330;0;1
23/3/12;-30.00;0;271;1;0
26/3/12;-30.00;0;480;1;0
27/3/12;-30.00;0;261;1;0
28/3/12;-30.00;0;183;1;0
29/3/12;148.69;0;505;0;1
30/3/12;74.09;0;0;0;0
2/4/12;-30.00;0;219;1;0
3/4/12;-30.00;0;201;1;0
4/4/12;156.91;0;502;0;1
5/4/12;158.81;0;339;0;1
6/4/12;-30.00;0;510;1;0
9/4/12;-30.00;0;210;1;0
10/4/12;-30.00;0;188;1;0
11/4/12;-30.00;0;360;1;0
12/4/12;-30.00;0;400;1;0
13/4/12;-30.00;0;192;1;0
16/4/12;-30.00;0;339;1;0
17/4/12;-30.00;0;190;1;0
18/4/12;-30.00;0;642;1;0
19/4/12;-30.00;0;190;1;0
20/4/12;-30.00;0;240;1;0
23/4/12;89.08;0;0;0;0
24/4/12;-30.00;0;566;1;0
25/4/12;-30.00;0;218;1;0
26/4/12;-30.00;0;212;1;0
27/4/12;-30.00;0;217;1;0
30/4/12;59.76;0;0;0;0
1/5/12;-30.00;0;235;1;0
2/5/12;115.74;0;235;0;1
3/5/12;-30.00;0;188;1;0
4/5/12;-30.00;0;572;1;0
7/5/12;-30.00;0;226;1;0
8/5/12;-30.00;0;437;1;0
9/5/12;-30.00;0;238;1;0
10/5/12;-30.00;0;556;1;0
11/5/12;-30.00;0;244;1;0
14/5/12;113.69;0;513;0;1
15/5/12;-30.00;0;221;1;0
16/5/12;-30.00;0;237;1;0
17/5/12;128.40;0;446;0;1
18/5/12;-30.00;0;204;1;0
21/5/12;-30.00;0;248;1;0
22/5/12;-30.00;0;196;1;0
23/5/12;139.56;0;266;0;1
24/5/12;152.20;0;240;0;1
25/5/12;-30.00;0;202;1;0
28/5/12;166.32;0;562;0;1
29/5/12;-30.00;0;182;1;0
30/5/12;178.32;0;637;0;1
31/5/12;-30.00;0;188;1;0
1/6/12;-30.00;0;561;1;0
4/6/12;-30.00;0;257;1;0
5/6/12;194.43;0;439;0;1
6/6/12;-30.00;0;216;1;0
7/6/12;-30.00;0;301;1;0
8/6/12;46.81;0;0;0;0
11/6/12;150.45;0;355;0;1
12/6/12;-30.00;0;183;1;0
13/6/12;-30.00;0;192;1;0
14/6/12;-30.00;0;182;1;0
15/6/12;-30.00;0;287;1;0
18/6/12;-30.00;0;188;1;0
19/6/12;-30.00;0;182;1;0
20/6/12;-30.00;0;279;1;0
21/6/12;-30.00;0;443;1;0
22/6/12;-30.00;0;204;1;0
25/6/12;66.93;0;0;0;0
26/6/12;-30.00;0;206;1;0
27/6/12;87.17;0;0;0;0
28/6/12;119.25;0;236;0;1
29/6/12;-30.00;0;181;1;0
2/7/12;-30.00;0;203;1;0
3/7/12;-30.00;0;692;1;0
4/7/12;161.42;0;646;0;1
5/7/12;171.49;0;471;0;1
6/7/12;-30.00;0;225;1;0
9/7/12;-30.00;0;389;1;0
10/7/12;-30.00;0;272;1;0
11/7/12;-30.00;0;207;1;0
12/7/12;66.74;0;0;0;0
13/7/12;-30.00;0;289;1;0
16/7/12;-30.00;0;208;1;0
17/7/12;-30.00;0;204;1;0
18/7/12;55.19;0;0;0;0
19/7/12;-30.00;0;187;1;0
20/7/12;-30.00;0;187;1;0
23/7/12;-30.00;0;291;1;0
24/7/12;-30.00;0;185;1;0
25/7/12;-30.00;0;180;1;0
26/7/12;-30.00;0;376;1;0
27/7/12;-30.00;0;418;1;0
30/7/12;-30.00;0;193;1;0
31/7/12;-30.00;0;359;1;0
1/8/12;-30.00;0;191;1;0
2/8/12;-30.00;0;208;1;0
3/8/12;-30.00;0;236;1;0
6/8/12;-30.00;0;474;1;0
7/8/12;-30.00;0;194;1;0
8/8/12;-30.00;0;225;1;0
9/8/12;160.29;0;376;0;1
10/8/12;-30.00;0;630;1;0
13/8/12;-30.00;0;195;1;0
14/8/12;-30.00;0;204;1;0
15/8/12;153.79;0;480;0;1
16/8/12;-30.00;0;261;1;0
17/8/12;181.85;0;625;0;1
20/8/12;34.72;0;0;0;0
21/8/12;-30.00;0;206;1;0
22/8/12;-30.00;0;263;1;0
23/8/12;-30.00;0;633;1;0
24/8/12;158.92;0;525;0;1
27/8/12;-30.00;0;193;1;0
28/8/12;-30.00;0;229;1;0
29/8/12;-30.00;0;273;1;0
30/8/12;-30.00;0;309;1;0
31/8/12;-30.00;0;243;1;0
3/9/12;-30.00;0;194;1;0
4/9/12;124.75;0;540;0;1
5/9/12;-30.00;0;340;1;0
6/9/12;-30.00;0;465;1;0
7/9/12;-30.00;0;184;1;0
10/9/12;-30.00;0;201;1;0
11/9/12;-30.00;0;207;1;0
12/9/12;-30.00;0;259;1;0
13/9/12;-30.00;0;280;1;0
14/9/12;-30.00;0;356;1;0
17/9/12;-30.00;0;557;1;0
18/9/12;-30.00;0;192;1;0
19/9/12;126.34;0;345;0;1
20/9/12;-30.00;0;282;1;0
21/9/12;-30.00;0;185;1;0
24/9/12;-30.00;0;185;1;0
25/9/12;-30.00;0;205;1;0
26/9/12;-30.00;0;334;1;0
27/9/12;135.75;0;691;0;1
28/9/12;-30.00;0;219;1;0
1/10/12;-30.00;0;193;1;0
2/10/12;-30.00;0;213;1;0
3/10/12;-30.00;0;221;1;0
4/10/12;-30.00;0;463;1;0
5/10/12;-30.00;0;458;1;0
8/10/12;29.34;0;0;0;0
9/10/12;129.36;0;225;0;1
10/10/12;-30.00;0;471;1;0
11/10/12;-30.00;0;197;1;0
12/10/12;-30.00;0;195;1;0
15/10/12;-30.00;0;190;1;0
16/10/12;-30.00;0;217;1;0
17/10/12;-30.00;0;385;1;0
18/10/12;-30.00;0;325;1;0
19/10/12;-30.00;0;192;1;0
22/10/12;-30.00;0;376;1;0
23/10/12;100.40;0;511;0;1
24/10/12;107.04;0;240;0;1
25/10/12;-30.00;0;228;1;0
26/10/12;-30.00;0;284;1;0
29/10/12;-30.00;0;689;1;0
30/10/12;-30.00;0;245;1;0
31/10/12;-30.00;0;250;1;0
1/11/12;-30.00;0;389;1;0
2/11/12;111.46;0;518;0;1
5/11/12;-30.00;0;270;1;0
6/11/12;-30.00;0;285;1;0
7/11/12;113.07;0;378;0;1
8/11/12;59.92;0;0;0;0
9/11/12;113.79;0;477;0;1
12/11/12;-30.00;0;364;1;0
13/11/12;-30.00;0;397;1;0
14/11/12;-30.00;0;283;1;0
15/11/12;-30.00;0;191;1;0
16/11/12;93.79;0;602;0;1
19/11/12;-30.00;0;224;1;0
20/11/12;-30.00;0;196;1;0
21/11/12;-30.00;0;246;1;0
22/11/12;-30.00;0;223;1;0
23/11/12;-30.00;0;503;1;0
26/11/12;10.87;0;0;0;0
27/11/12;101.20;0;328;0;1
28/11/12;-30.00;0;188;1;0
29/11/12;-30.00;0;216;1;0
30/11/12;105.17;0;513;0;1
3/12/12;-30.00;0;271;1;0
4/12/12;-30.00;0;338;1;0
5/12/12;96.92;0;414;0;1
6/12/12;-30.00;0;214;1;0
7/12/12;118.83;0;521;0;1
10/12/12;-30.00;0;187;1;0
11/12/12;-30.00;0;205;1;0
12/12/12;-30.00;0;260;1;0
13/12/12;-30.00;0;206;1;0
14/12/12;-30.00;0;666;1;0
17/12/12;-30.00;0;482;1;0
18/12/12;-30.00;0;289;1;0
19/12/12;-30.00;0;267;1;0
20/12/12;-30.00;0;191;1;0
21/12/12;-30.00;0;231;1;0
24/12/12;-30.00;0;200;1;0
26/12/12;-30.00;0;585;1;0
27/12/12;-30.00;0;187;1;0
28/12/12;128.74;0;252;0;1
31/12/12;-30.00;0;536;1;0
2/1/13;-30.00;0;214;1;0
3/1/13;-30.00;0;192;1;0
4/1/13;-30.00;0;202;1;0
7/1/13;-30.00;0;316;1;0
8/1/13;-30.00;0;243;1;0
9/1/13;-30.00;0;194;1;0
10/1/13;-30.00;0;286;1;0
11/1/13;-30.00;0;496;1;0
14/1/13;13.01;0;0;0;0
15/1/13;-30.00;0;205;1;0
16/1/13;-30.00;0;317;1;0
17/1/13;-30.00;0;182;1;0
18/1/13;134.55;0;344;0;1
21/1/13;18.02;0;0;0;0
22/1/13;125.37;0;245;0;1
23/1/13;-30.00;0;259;1;0
24/1/13;-30.00;0;208;1;0
25/1/13;-30.00;0;227;1;0
28/1/13;-30.00;0;268;1;0
29/1/13;-30.00;0;216;1;0
30/1/13;-30.00;0;259;1;0
31/1/13;-30.00;0;238;1;0
1/2/13;-30.00;0;237;1;0
4/2/13;128.09;0;354;0;1
5/2/13;-30.00;0;187;1;0
6/2/13;37.21;0;0;0;0
7/2/13;-30.00;0;197;1;0
8/2/13;-30.00;0;195;1;0
11/2/13;-30.00;0;234;1;0
12/2/13;-30.00;0;241;1;0
13/2/13;-30.00;0;242;1;0
14/2/13;-30.00;0;210;1;0
15/2/13;159.28;0;446;0;1
18/2/13;-30.00;0;261;1;0
19/2/13;-30.00;0;192;1;0
20/2/13;-30.00;0;238;1;0
21/2/13;124.60;0;221;0;1
22/2/13;-30.00;0;198;1;0
25/2/13;-30.00;0;187;1;0
26/2/13;135.37;0;290;0;1
27/2/13;-30.00;0;303;1;0
28/2/13;147.60;0;639;0;1
1/3/13;-30.00;0;193;1;0
4/3/13;29.52;0;0;0;0
5/3/13;-30.00;0;195;1;0
6/3/13;-30.00;0;230;1;0
7/3/13;-30.00;0;187;1;0
8/3/13;-30.00;0;200;1;0
11/3/13;-20.99;0;0;0;0
12/3/13;-30.00;0;335;1;0
13/3/13;151.54;0;440;0;1
14/3/13;-30.00;0;259;1;0
15/3/13;-30.00;0;335;1;0
18/3/13;-30.00;0;247;1;0
19/3/13;-30.00;0;360;1;0
20/3/13;-30.00;0;265;1;0
21/3/13;65.88;0;0;0;0
22/3/13;-30.00;0;274;1;0
25/3/13;-30.00;0;319;1;0
26/3/13;-30.00;0;294;1;0
27/3/13;-30.00;0;299;1;0
28/3/13;-30.00;0;250;1;0
29/3/13;-30.00;0;257;1;0
1/4/13;-30.00;0;226;1;0
2/4/13;-30.00;0;182;1;0
3/4/13;-30.00;0;266;1;0
4/4/13;101.63;0;517;0;1
5/4/13;-30.00;0;261;1;0
8/4/13;-30.00;0;247;1;0
9/4/13;-30.00;0;331;1;0
10/4/13;-30.00;0;181;1;0
11/4/13;-30.00;0;210;1;0
12/4/13;137.98;0;525;0;1
15/4/13;-30.00;0;211;1;0
16/4/13;-30.00;0;333;1;0
17/4/13;-30.00;0;290;1;0
18/4/13;-30.00;0;345;1;0
19/4/13;-30.00;0;285;1;0
22/4/13;34.44;0;0;0;0
23/4/13;-30.00;0;181;1;0
24/4/13;-30.00;0;289;1;0
25/4/13;-30.00;0;299;1;0
26/4/13;-30.00;0;217;1;0
29/4/13;-30.00;0;187;1;0
30/4/13;-30.00;0;560;1;0
1/5/13;-30.00;0;264;1;0
2/5/13;-30.00;0;219;1;0
3/5/13;-30.00;0;279;1;0
6/5/13;-30.00;0;241;1;0
7/5/13;-30.00;0;206;1;0
8/5/13;-30.00;0;288;1;0
9/5/13;-30.00;0;254;1;0
10/5/13;182.24;0;670;0;1
13/5/13;-30.00;0;601;1;0
14/5/13;-30.00;0;310;1;0
15/5/13;-30.00;0;226;1;0
16/5/13;-30.00;0;340;1;0
17/5/13;-30.00;0;224;1;0
20/5/13;-30.00;0;203;1;0
21/5/13;-30.00;0;682;1;0
22/5/13;-30.00;0;187;1;0
23/5/13;-30.00;0;191;1;0
24/5/13;-30.00;0;240;1;0
27/5/13;-30.00;0;207;1;0
28/5/13;-30.00;0;222;1;0
29/5/13;-30.00;0;191;1;0
30/5/13;-30.00;0;200;1;0
31/5/13;158.32;0;366;0;1
3/6/13;-30.00;0;233;1;0
4/6/13;-30.00;0;184;1;0
5/6/13;-30.00;0;495;1;0
6/6/13;-30.00;0;518;1;0
7/6/13;-30.00;0;442;1;0
10/6/13;-30.00;0;235;1;0
11/6/13;-30.00;0;259;1;0
12/6/13;-30.00;0;184;1;0
13/6/13;137.27;0;510;0;1
14/6/13;-30.00;0;200;1;0
17/6/13;-30.00;0;217;1;0
18/6/13;-30.00;0;208;1;0
19/6/13;-0.22;0;0;0;0
20/6/13;-30.00;0;224;1;0
21/6/13;82.17;0;484;0;1
24/6/13;-30.00;0;210;1;0
25/6/13;99.08;0;510;0;1
26/6/13;105.08;0;386;0;1
27/6/13;-30.00;0;585;1;0
28/6/13;-30.00;0;379;1;0
1/7/13;-30.00;0;202;1;0
2/7/13;120.36;0;298;0;1
3/7/13;122.97;0;237;0;1
4/7/13;-30.00;0;426;1;0
5/7/13;153.62;0;510;0;1
8/7/13;-30.00;0;220;1;0
9/7/13;165.38;0;620;0;1
10/7/13;-30.00;0;196;1;0
11/7/13;-30.00;0;399;1;0
12/7/13;140.02;0;563;0;1
15/7/13;-30.00;0;231;1;0
16/7/13;-30.00;0;194;1;0
17/7/13;-30.00;0;238;1;0
18/7/13;-30.00;0;250;1;0
19/7/13;-6.39;0;0;0;0
22/7/13;-30.00;0;205;1;0
23/7/13;-30.00;0;196;1;0
24/7/13;-30.00;0;208;1;0
25/7/13;-30.00;0;240;1;0
26/7/13;-30.00;0;241;1;0
29/7/13;-30.00;0;257;1;0
30/7/13;-30.00;0;240;1;0
31/7/13;-30.00;0;190;1;0
1/8/13;120.73;0;512;0;1
2/8/13;-30.00;0;510;1;0
5/8/13;-30.00;0;202;1;0
6/8/13;-30.00;0;303;1;0
7/8/13;-30.00;0;380;1;0
8/8/13;-30.00;0;180;1;0
9/8/13;111.38;0;0;0;0
12/8/13;14.19;0;0;0;0
13/8/13;115.74;0;527;0;1
14/8/13;-30.00;0;235;1;0
15/8/13;101.65;0;516;0;1
16/8/13;-30.00;0;191;1;0
19/8/13;-30.00;0;343;1;0
20/8/13;-30.00;0;245;1;0
21/8/13;112.62;0;683;0;1
22/8/13;-30.00;0;208;1;0
23/8/13;-30.00;0;277;1;0
26/8/13;-30.00;0;511;1;0
27/8/13;-30.00;0;191;1;0
28/8/13;109.78;0;573;0;1
29/8/13;96.98;0;0;0;0
30/8/13;-30.00;0;243;1;0
2/9/13;61.06;0;0;0;0
3/9/13;-30.00;0;363;1;0
4/9/13;-30.00;0;406;1;0
5/9/13;-30.00;0;272;1;0
6/9/13;-30.00;0;510;1;0
9/9/13;-30.00;0;270;1;0
10/9/13;-30.00;0;555;1;0
11/9/13;-30.00;0;256;1;0
12/9/13;-30.00;0;624;1;0
13/9/13;-30.00;0;228;1;0
16/9/13;-30.00;0;535;1;0
17/9/13;-30.00;0;300;1;0
18/9/13;15.50;0;0;0;0
19/9/13;-30.00;0;235;1;0
20/9/13;-30.00;0;385;1;0
23/9/13;62.86;0;238;0;1
24/9/13;-30.00;0;194;1;0
25/9/13;-30.00;0;231;1;0
26/9/13;86.32;0;659;0;1
27/9/13;-30.00;0;322;1;0
30/9/13;-30.00;0;211;1;0
1/10/13;110.02;0;600;0;1
2/10/13;-30.00;0;242;1;0
3/10/13;-30.00;0;600;1;0
4/10/13;88.76;0;0;0;0
7/10/13;-30.00;0;279;1;0
8/10/13;-30.00;0;327;1;0
9/10/13;91.53;0;525;0;1
10/10/13;-30.00;0;284;1;0
11/10/13;-30.00;0;225;1;0
14/10/13;-30.00;0;515;1;0
15/10/13;84.78;0;301;0;1
16/10/13;-30.00;0;249;1;0
17/10/13;-30.00;0;198;1;0
18/10/13;-30.00;0;377;1;0
21/10/13;20.40;0;0;0;0
22/10/13;-30.00;0;510;1;0
23/10/13;-30.00;0;586;1;0
24/10/13;90.22;0;249;0;1
25/10/13;-30.00;0;236;1;0
28/10/13;43.45;0;0;0;0
29/10/13;-30.00;0;621;1;0
30/10/13;-30.00;0;288;1;0
31/10/13;-30.00;0;263;1;0
1/11/13;107.18;0;550;0;1
4/11/13;-30.00;0;234;1;0
5/11/13;-30.00;0;306;1;0
6/11/13;-30.00;0;278;1;0
7/11/13;99.65;0;465;0;1
8/11/13;-30.00;0;294;1;0
11/11/13;-30.00;0;262;1;0
12/11/13;-30.00;0;355;1;0
13/11/13;-30.00;0;531;1;0
14/11/13;-30.00;0;189;1;0
15/11/13;-30.00;0;489;1;0
18/11/13;-30.00;0;259;1;0
19/11/13;-30.00;0;182;1;0
20/11/13;106.91;0;622;0;1
21/11/13;-30.00;0;208;1;0
22/11/13;-30.00;0;185;1;0
25/11/13;84.87;0;0;0;0
26/11/13;-30.00;0;199;1;0
27/11/13;-30.00;0;240;1;0
28/11/13;-30.00;0;180;1;0
29/11/13;4.63;0;0;0;0
2/12/13;58.49;0;244;0;1
3/12/13;-30.00;0;225;1;0
4/12/13;-30.00;0;214;1;0
5/12/13;66.00;0;255;0;1
6/12/13;-30.00;0;276;1;0
9/12/13;-30.00;0;218;1;0
10/12/13;-30.00;0;536;1;0
11/12/13;-30.00;0;549;1;0
12/12/13;90.44;0;521;0;1
13/12/13;-30.00;0;213;1;0
16/12/13;-30.00;0;259;1;0
17/12/13;101.58;0;628;0;1
18/12/13;13.94;0;0;0;0
19/12/13;49.32;0;0;0;0
20/12/13;-30.00;0;246;1;0
23/12/13;-30.00;0;461;1;0
24/12/13;27.84;0;0;0;0
26/12/13;-3.07;0;0;0;0
27/12/13;-30.00;0;185;1;0
30/12/13;-30.00;0;377;1;0
31/12/13;16.54;0;0;0;0
2/1/14;63.69;0;365;0;1
3/1/14;81.45;0;549;0;1
6/1/14;-30.00;0;199;1;0
7/1/14;-30.00;0;247;1;0
8/1/14;104.55;0;498;0;1
9/1/14;-30.00;0;245;1;0
10/1/14;-30.00;0;510;1;0
13/1/14;66.69;0;0;0;0
14/1/14;-30.00;0;203;1;0
15/1/14;90.98;0;510;0;1
16/1/14;-30.00;0;259;1;0
17/1/14;89.52;0;646;0;1
20/1/14;-30.00;0;286;1;0
21/1/14;-30.00;0;680;1;0
22/1/14;-30.00;0;399;1;0
23/1/14;-30.00;0;188;1;0
24/1/14;-30.00;0;386;1;0
27/1/14;-30.00;0;240;1;0
28/1/14;-30.00;0;564;1;0
29/1/14;-30.00;0;211;1;0
30/1/14;112.81;0;486;0;1
31/1/14;-30.00;0;398;1;0
3/2/14;-30.00;0;185;1;0
4/2/14;40.60;0;0;0;0
5/2/14;-30.00;0;219;1;0
6/2/14;-30.00;0;514;1;0
7/2/14;-30.00;0;510;1;0
10/2/14;-7.04;0;0;0;0
11/2/14;-30.00;0;190;1;0
12/2/14;-30.00;0;286;1;0
13/2/14;-30.00;0;262;1;0
14/2/14;39.40;0;0;0;0
17/2/14;-5.04;0;0;0;0
18/2/14;-30.00;0;344;1;0
19/2/14;0.22;0;0;0;0
20/2/14;60.56;0;208;0;1
21/2/14;-30.00;0;588;1;0
24/2/14;-30.00;0;188;1;0
25/2/14;-30.00;0;576;1;0
26/2/14;-30.00;0;250;1;0
27/2/14;-30.00;0;666;1;0
28/2/14;-30.00;0;293;1;0
3/3/14;-30.00;0;240;1;0
4/3/14;-30.00;0;194;1;0
5/3/14;-30.00;0;496;1;0
6/3/14;-30.00;0;419;1;0
7/3/14;-30.00;0;345;1;0
10/3/14;33.47;0;0;0;0
11/3/14;-30.00;0;255;1;0
12/3/14;-30.00;0;341;1;0
13/3/14;88.02;0;746;0;1
14/3/14;-30.00;0;321;1;0
17/3/14;-30.00;0;296;1;0
18/3/14;-30.00;0;469;1;0
19/3/14;8.83;0;0;0;0
20/3/14;91.68;0;326;0;1
21/3/14;-30.00;0;274;1;0
24/3/14;-30.00;0;240;1;0
25/3/14;77.44;0;530;0;1
26/3/14;63.41;0;0;0;0
27/3/14;88.79;0;725;0;1
28/3/14;82.13;0;255;0;1
31/3/14;-30.00;0;253;1;0
1/4/14;-30.00;0;188;1;0
2/4/14;79.61;0;604;0;1
3/4/14;-30.00;0;513;1;0
4/4/14;-30.00;0;510;1;0
7/4/14;-30.00;0;375;1;0
8/4/14;-30.00;0;200;1;0
9/4/14;-30.00;0;234;1;0
10/4/14;-30.00;0;191;1;0
11/4/14;-10.37;0;0;0;0
14/4/14;-30.00;0;201;1;0
15/4/14;-30.00;0;613;1;0
16/4/14;-30.00;0;218;1;0
17/4/14;-30.00;0;318;1;0
18/4/14;7.82;0;0;0;0
21/4/14;61.77;0;663;0;1
22/4/14;-30.00;0;390;1;0
23/4/14;-30.00;0;240;1;0
24/4/14;-30.00;0;240;1;0
25/4/14;-30.00;0;320;1;0
28/4/14;-30.00;0;199;1;0
29/4/14;66.14;0;481;0;1
30/4/14;75.13;0;300;0;1
1/5/14;44.29;0;0;0;0
2/5/14;72.00;0;510;0;1
5/5/14;-12.76;0;0;0;0
6/5/14;-30.00;0;195;1;0
7/5/14;-30.00;0;499;1;0
8/5/14;-30.00;0;276;1;0
9/5/14;69.99;0;422;0;1
12/5/14;22.66;0;0;0;0
13/5/14;69.75;0;369;0;1
14/5/14;3.06;0;0;0;0
15/5/14;72.50;0;232;0;1
16/5/14;-30.00;0;207;1;0
19/5/14;-30.00;0;531;1;0
20/5/14;-11.39;0;0;0;0
21/5/14;50.19;0;396;0;1
22/5/14;-30.00;0;212;1;0
23/5/14;62.34;0;276;0;1
26/5/14;-30.00;0;211;1;0
27/5/14;61.85;0;630;0;1
28/5/14;70.06;0;565;0;1
29/5/14;-30.00;0;282;1;0
30/5/14;-30.00;0;550;1;0
3/6/14;-30.00;0;439;1;0
4/6/14;-30.00;0;289;1;0
5/6/14;-30.00;0;465;1;0
6/6/14;-30.00;0;514;1;0
9/6/14;87.46;0;354;0;1
10/6/14;96.90;0;351;0;1
11/6/14;-30.00;0;447;1;0
12/6/14;-30.00;0;686;1;0
13/6/14;91.62;0;649;0;1
16/6/14;-30.00;0;524;1;0
17/6/14;-30.00;0;288;1;0
18/6/14;-30.00;0;295;1;0
19/6/14;-30.00;0;260;1;0
20/6/14;89.06;0;501;0;1
23/6/14;25.36;0;0;0;0
24/6/14;-30.00;0;301;1;0
25/6/14;-30.00;0;510;1;0
26/6/14;75.60;0;515;0;1
27/6/14;5.28;0;0;0;0
30/6/14;-30.00;0;223;1;0
1/7/14;-30.00;0;342;1;0
2/7/14;77.15;0;495;0;1
3/7/14;67.13;0;510;0;1
4/7/14;9.04;0;0;0;0
7/7/14;-30.00;0;246;1;0
8/7/14;-30.00;0;588;1;0
9/7/14;-30.00;0;621;1;0
10/7/14;52.52;0;438;0;1
11/7/14;-30.00;0;255;1;0
14/7/14;-30.00;0;195;1;0
15/7/14;-30.00;0;241;1;0
16/7/14;64.16;0;366;0;1
17/7/14;-30.00;0;345;1;0
18/7/14;-30.00;0;276;1;0
21/7/14;27.26;0;0;0;0
22/7/14;51.68;0;252;0;1
23/7/14;5.13;0;0;0;0
24/7/14;-30.00;0;212;1;0
25/7/14;46.99;0;240;0;1
28/7/14;-8.04;0;0;0;0
29/7/14;-30.00;0;320;1;0
30/7/14;46.01;0;510;0;1
31/7/14;4.71;0;0;0;0
1/8/14;-30.00;0;362;1;0
4/8/14;10.06;0;0;0;0
5/8/14;54.48;0;277;0;1
6/8/14;-30.00;0;237;1;0
7/8/14;-30.00;0;535;1;0
8/8/14;-30.00;0;607;1;0
11/8/14;15.68;0;0;0;0
12/8/14;14.59;0;0;0;0
13/8/14;-30.00;0;511;1;0
14/8/14;-30.00;0;323;1;0
15/8/14;-30.00;0;248;1;0
18/8/14;71.46;0;692;0;1
19/8/14;61.81;0;0;0;0
20/8/14;57.04;0;0;0;0
21/8/14;-30.00;0;213;1;0
22/8/14;75.75;0;600;0;1
25/8/14;-30.00;0;504;1;0
26/8/14;45.20;0;0;0;0
27/8/14;-30.00;0;624;1;0
28/8/14;-30.00;0;189;1;0
29/8/14;-30.00;0;222;1;0
1/9/14;-30.00;0;313;1;0
2/9/14;5.71;0;0;0;0
3/9/14;-30.00;0;240;1;0
4/9/14;51.74;0;465;0;1
5/9/14;-30.00;0;305;1;0
8/9/14;-30.00;0;285;1;0
9/9/14;60.89;0;241;0;1
10/9/14;-30.00;0;325;1;0
11/9/14;-30.00;0;232;1;0
12/9/14;-30.00;0;440;1;0
15/9/14;77.87;0;287;0;1
16/9/14;-30.00;0;239;1;0
17/9/14;-30.00;0;241;1;0
18/9/14;-30.00;0;292;1;0
19/9/14;-30.00;0;204;1;0
22/9/14;78.67;0;627;0;1
23/9/14;-30.00;0;227;1;0
24/9/14;87.66;0;548;0;1
25/9/14;-30.00;0;188;1;0
26/9/14;-30.00;0;208;1;0
29/9/14;-30.00;0;452;1;0
30/9/14;116.95;0;300;0;1
1/10/14;-30.00;0;604;1;0
2/10/14;-30.00;0;281;1;0
3/10/14;118.56;0;510;0;1
6/10/14;-30.00;0;253;1;0
7/10/14;-30.00;0;186;1;0
8/10/14;-30.00;0;231;1;0
9/10/14;-30.00;0;231;1;0
10/10/14;144.58;0;516;0;1
13/10/14;-30.00;0;240;1;0
14/10/14;135.40;0;337;0;1
15/10/14;-30.00;0;261;1;0
16/10/14;-30.00;0;245;1;0
17/10/14;-30.00;0;280;1;0
20/10/14;-30.00;0;201;1;0
21/10/14;-30.00;0;186;1;0
22/10/14;192.33;0;688;0;1
23/10/14;-30.00;0;211;1;0
24/10/14;-30.00;0;463;1;0
27/10/14;-30.00;0;302;1;0
28/10/14;-30.00;0;510;1;0
29/10/14;-30.00;0;609;1;0
30/10/14;-30.00;0;245;1;0
31/10/14;-30.00;0;361;1;0
3/11/14;-30.00;0;258;1;0
4/11/14;-30.00;0;317;1;0
5/11/14;123.75;0;611;0;1
6/11/14;-30.00;0;344;1;0
7/11/14;-30.00;0;230;1;0
10/11/14;-30.00;0;270;1;0
11/11/14;-30.00;0;374;1;0
12/11/14;129.27;0;276;0;1
13/11/14;-30.00;0;188;1;0
14/11/14;-30.00;0;210;1;0
17/11/14;108.97;0;259;0;1
18/11/14;-30.00;0;262;1;0
19/11/14;-30.00;0;197;1;0
20/11/14;-30.00;0;182;1;0
21/11/14;118.46;0;223;0;1
24/11/14;-30.00;0;275;1;0
25/11/14;-30.00;0;208;1;0
26/11/14;-30.00;0;190;1;0
27/11/14;92.55;0;0;0;0
28/11/14;-30.00;0;255;1;0
1/12/14;-30.00;0;191;1;0
2/12/14;139.73;0;622;0;1
3/12/14;138.82;0;552;0;1
4/12/14;-30.00;0;206;1;0
5/12/14;162.74;0;510;0;1
8/12/14;-30.00;0;552;1;0
9/12/14;-30.00;0;183;1;0
10/12/14;-30.00;0;541;1;0
11/12/14;187.72;0;539;0;1
12/12/14;-30.00;0;204;1;0
15/12/14;-30.00;0;696;1;0
16/12/14;-30.00;0;195;1;0
17/12/14;-30.00;0;532;1;0
18/12/14;-30.00;0;217;1;0
19/12/14;166.01;0;709;0;1
22/12/14;37.91;0;0;0;0
23/12/14;-30.00;0;201;1;0
24/12/14;-30.00;0;248;1;0
26/12/14;75.45;0;0;0;0
29/12/14;-30.00;0;260;1;0
30/12/14;-30.00;0;186;1;0
31/12/14;76.38;0;566;0;1
2/1/15;-30.00;0;201;1;0
5/1/15;-30.00;0;184;1;0
6/1/15;106.15;0;324;0;1
7/1/15;117.66;0;381;0;1
8/1/15;139.21;0;316;0;1
9/1/15;-30.00;0;191;1;0
12/1/15;150.25;0;332;0;1
13/1/15;146.93;0;310;0;1
14/1/15;156.20;0;276;0;1
15/1/15;162.42;0;271;0;1
16/1/15;-30.00;0;180;1;0
19/1/15;-30.00;0;193;1;0
20/1/15;-30.00;0;280;1;0
21/1/15;-30.00;0;219;1;0
22/1/15;-30.00;0;200;1;0
23/1/15;-30.00;0;214;1;0
26/1/15;-30.00;0;204;1;0
27/1/15;-30.00;0;189;1;0
28/1/15;-30.00;0;211;1;0
29/1/15;-30.00;0;261;1;0
30/1/15;-30.00;0;214;1;0
2/2/15;-30.00;0;211;1;0
3/2/15;-30.00;0;220;1;0
4/2/15;130.30;0;0;0;0
5/2/15;-30.00;0;298;1;0
6/2/15;-30.00;0;254;1;0
9/2/15;-30.00;0;183;1;0
10/2/15;39.72;0;0;0;0
11/2/15;58.83;0;0;0;0
12/2/15;-30.00;0;209;1;0
13/2/15;-30.00;0;190;1;0
16/2/15;146.23;0;715;0;1
17/2/15;-30.00;0;248;1;0
18/2/15;-30.00;0;230;1;0
19/2/15;-30.00;0;194;1;0
20/2/15;140.62;0;428;0;1
23/2/15;152.98;0;318;0;1
24/2/15;-30.00;0;615;1;0
25/2/15;27.70;0;0;0;0
26/2/15;-30.00;0;194;1;0
27/2/15;-30.00;0;235;1;0
2/3/15;-30.00;0;205;1;0
3/3/15;-30.00;0;720;1;0
4/3/15;139.96;0;250;0;1
5/3/15;-30.00;0;480;1;0
6/3/15;157.56;0;298;0;1
9/3/15;-30.00;0;245;1;0
10/3/15;177.99;0;286;0;1
11/3/15;196.37;0;332;0;1
12/3/15;-30.00;0;510;1;0
13/3/15;-30.00;0;250;1;0
16/3/15;-30.00;0;243;1;0
17/3/15;-30.00;0;481;1;0
18/3/15;-30.00;0;377;1;0
19/3/15;196.53;0;262;0;1
20/3/15;-30.00;0;273;1;0
23/3/15;-30.00;0;315;1;0
24/3/15;-30.00;0;241;1;0
25/3/15;-30.00;0;250;1;0
26/3/15;-30.00;0;259;1;0
27/3/15;256.27;0;730;0;1
30/3/15;151.56;0;0;0;0
31/3/15;113.76;0;0;0;0
1/4/15;-30.00;0;407;1;0
2/4/15;-30.00;0;187;1;0
3/4/15;-30.00;0;366;1;0
6/4/15;-30.00;0;227;1;0
7/4/15;-30.00;0;189;1;0
8/4/15;-30.00;0;185;1;0
9/4/15;232.97;0;632;0;1
10/4/15;138.36;0;0;0;0
13/4/15;-30.00;0;193;1;0
14/4/15;-30.00;0;186;1;0
15/4/15;-30.00;0;569;1;0
16/4/15;-30.00;0;190;1;0
17/4/15;-30.00;0;181;1;0
20/4/15;78.67;0;0;0;0
21/4/15;-30.00;0;330;1;0
22/4/15;-30.00;0;283;1;0
23/4/15;-30.00;0;243;1;0
24/4/15;-30.00;0;194;1;0
27/4/15;-30.00;0;195;1;0
28/4/15;-30.00;0;191;1;0
29/4/15;-30.00;0;211;1;0
30/4/15;-30.00;0;191;1;0
1/5/15;-30.00;0;233;1;0
4/5/15;118.56;0;0;0;0
5/5/15;-30.00;0;190;1;0
6/5/15;-30.00;0;215;1;0
7/5/15;-30.00;0;183;1;0
8/5/15;-30.00;0;184;1;0
11/5/15;127.87;0;0;0;0
12/5/15;-30.00;0;195;1;0
13/5/15;-30.00;0;510;1;0
14/5/15;-30.00;0;188;1;0
15/5/15;166.46;0;320;0;1
18/5/15;186.03;0;585;0;1
19/5/15;209.50;0;185;0;1
20/5/15;-30.00;0;216;1;0
21/5/15;-30.00;0;180;1;0
22/5/15;-30.00;0;209;1;0
25/5/15;87.79;0;0;0;0
26/5/15;-30.00;0;204;1;0
27/5/15;138.39;0;471;0;1
28/5/15;-30.00;0;290;1;0
29/5/15;-30.00;0;190;1;0
1/6/15;-30.00;0;181;1;0
2/6/15;-30.00;0;185;1;0
3/6/15;201.43;0;530;0;1
4/6/15;-30.00;0;219;1;0
5/6/15;-30.00;0;181;1;0
8/6/15;-30.00;0;181;1;0
9/6/15;-30.00;0;181;1;0
10/6/15;-30.00;0;180;1;0
11/6/15;297.36;0;510;0;1
12/6/15;-30.00;0;181;1;0
15/6/15;-30.00;0;180;1;0
16/6/15;-30.00;0;186;1;0
17/6/15;-30.00;0;182;1;0
18/6/15;-30.00;0;190;1;0
19/6/15;18.78;0;0;0;0
22/6/15;135.50;0;228;0;1
23/6/15;150.87;0;430;0;1
24/6/15;-30.00;0;225;1;0
25/6/15;-30.00;0;185;1;0
26/6/15;-30.00;0;223;1;0
29/6/15;-30.00;0;278;1;0
30/6/15;-30.00;0;188;1;0
1/7/15;-30.00;0;298;1;0
2/7/15;-30.00;0;510;1;0
3/7/15;-30.00;0;200;1;0
6/7/15;-30.00;0;216;1;0
7/7/15;160.13;0;286;0;1
8/7/15;-30.00;0;220;1;0
9/7/15;157.45;0;237;0;1
10/7/15;-30.00;0;194;1;0
13/7/15;185.43;0;220;0;1
14/7/15;-30.00;0;202;1;0
15/7/15;-30.00;0;187;1;0
16/7/15;92.21;0;0;0;0
17/7/15;-30.00;0;190;1;0
20/7/15;-30.00;0;191;1;0
21/7/15;-30.00;0;242;1;0
22/7/15;171.91;0;506;0;1
23/7/15;-30.00;0;190;1;0
24/7/15;-30.00;0;674;1;0
27/7/15;-30.00;0;191;1;0
28/7/15;-30.00;0;201;1;0
29/7/15;-30.00;0;268;1;0
30/7/15;-30.00;0;277;1;0
31/7/15;-30.00;0;336;1;0
3/8/15;88.69;0;0;0;0
4/8/15;-30.00;0;193;1;0
5/8/15;-30.00;0;478;1;0
6/8/15;-30.00;0;635;1;0
7/8/15;-30.00;0;200;1;0
10/8/15;-30.00;0;184;1;0
11/8/15;-30.00;0;186;1;0
12/8/15;-30.00;0;185;1;0
13/8/15;-30.00;0;668;1;0
14/8/15;-30.00;0;398;1;0
17/8/15;-30.00;0;286;1;0
18/8/15;-30.00;0;234;1;0
19/8/15;13.56;0;0;0;0
20/8/15;-30.00;0;313;1;0
21/8/15;-30.00;0;411;1;0
24/8/15;-30.00;0;211;1;0
25/8/15;211.57;0;392;0;1
26/8/15;-30.00;0;190;1;0
27/8/15;301.20;0;657;0;1
28/8/15;-30.00;0;198;1;0
31/8/15;-30.00;0;526;1;0
1/9/15;-30.00;0;207;1;0
2/9/15;-30.00;0;302;1;0
3/9/15;-30.00;0;185;1;0
4/9/15;-30.00;0;211;1;0
7/9/15;-30.00;0;203;1;0
8/9/15;47.41;0;0;0;0
9/9/15;-30.00;0;182;1;0
10/9/15;-30.00;0;601;1;0
11/9/15;-30.00;0;193;1;0
14/9/15;141.53;0;492;0;1
15/9/15;-30.00;0;201;1;0
16/9/15;166.26;0;430;0;1
17/9/15;-30.00;0;216;1;0
18/9/15;-30.00;0;186;1;0
21/9/15;-30.00;0;182;1;0
22/9/15;-30.00;0;210;1;0
23/9/15;-30.00;0;196;1;0
24/9/15;-30.00;0;205;1;0
25/9/15;-30.00;0;393;1;0
28/9/15;-30.00;0;229;1;0
29/9/15;-30.00;0;187;1;0
30/9/15;-30.00;0;227;1;0
1/10/15;-30.00;0;212;1;0
2/10/15;-30.00;0;510;1;0
5/10/15;-30.00;0;190;1;0
6/10/15;-30.00;0;186;1;0
7/10/15;-30.00;0;464;1;0
8/10/15;-30.00;0;195;1;0
9/10/15;-30.00;0;182;1;0
12/10/15;-30.00;0;218;1;0
13/10/15;-30.00;0;188;1;0
14/10/15;-30.00;0;185;1;0
15/10/15;124.79;0;222;0;1
16/10/15;131.25;0;355;0;1
19/10/15;111.94;0;337;0;1
20/10/15;-30.00;0;185;1;0
21/10/15;-30.00;0;209;1;0
22/10/15;120.43;0;508;0;1
23/10/15;-30.00;0;191;1;0
26/10/15;-30.00;0;249;1;0
27/10/15;-30.00;0;500;1;0
28/10/15;-30.00;0;376;1;0
29/10/15;115.38;0;316;0;1
30/10/15;-30.00;0;251;1;0
2/11/15;55.95;0;0;0;0
3/11/15;122.08;0;325;0;1
4/11/15;141.17;0;564;0;1
5/11/15;-30.00;0;186;1;0
6/11/15;-30.00;0;192;1;0
9/11/15;-30.00;0;217;1;0
10/11/15;173.95;0;505;0;1
11/11/15;34.61;0;0;0;0
12/11/15;-30.00;0;574;1;0
13/11/15;-30.00;0;373;1;0
16/11/15;117.76;0;0;0;0
17/11/15;-30.00;0;280;1;0
18/11/15;-30.00;0;190;1;0
19/11/15;-30.00;0;236;1;0
20/11/15;-30.00;0;349;1;0
23/11/15;-30.00;0;187;1;0
24/11/15;-30.00;0;217;1;0
25/11/15;118.81;0;260;0;1
26/11/15;-30.00;0;404;1;0
27/11/15;98.79;0;291;0;1
30/11/15;-30.00;0;212;1;0
1/12/15;-30.00;0;215;1;0
2/12/15;88.61;0;305;0;1
3/12/15;93.16;0;275;0;1
4/12/15;-30.00;0;215;1;0
7/12/15;151.49;0;325;0;1
8/12/15;-30.00;0;201;1;0
9/12/15;-30.00;0;186;1;0
10/12/15;181.35;0;651;0;1
11/12/15;-30.00;0;211;1;0
14/12/15;-30.00;0;385;1;0
15/12/15;169.73;0;452;0;1
16/12/15;21.38;0;0;0;0
17/12/15;-30.00;0;190;1;0
18/12/15;160.95;0;206;0;1
21/12/15;-30.00;0;189;1;0
22/12/15;-30.00;0;266;1;0
23/12/15;144.04;0;658;0;1
24/12/15;-30.00;0;231;1;0
28/12/15;-30.00;0;210;1;0
29/12/15;-30.00;0;210;1;0
30/12/15;63.38;0;0;0;0
31/12/15;101.84;0;418;0;1
